model_id,channel_44_1,channel_44_2,channel_44_3,channel_44_4,channel_44_5,channel_44_6,channel_44_7,channel_44_8,channel_44_9,channel_44_10,channel_44_11,channel_44_12,channel_44_13,channel_44_14,channel_44_15,channel_44_16,channel_44_17,channel_44_18,channel_44_19,channel_44_20,channel_44_21,channel_44_22,channel_44_23,channel_44_24,channel_44_25,channel_44_26,channel_44_27,channel_44_28,channel_44_29,channel_44_30,channel_44_31,channel_44_32,channel_44_33,channel_44_34,channel_44_35,channel_44_36,channel_44_37,channel_44_38,channel_44_39,channel_44_40,channel_44_41,channel_44_42,channel_44_43,channel_44_44,channel_44_45,channel_44_46,channel_44_47,channel_44_48,channel_44_49,channel_44_50,channel_44_51,channel_44_52,channel_44_53,channel_44_54,channel_44_55,channel_44_56,channel_44_57,channel_44_58,channel_44_59,channel_44_60,channel_44_61,channel_44_62,channel_44_63,channel_44_64,channel_44_65,channel_44_66,channel_44_67,channel_44_68,channel_44_69,channel_44_70,channel_44_71,channel_44_72,channel_44_73,channel_44_74,channel_44_75,channel_45_1,channel_45_2,channel_45_3,channel_45_4,channel_45_5,channel_45_6,channel_45_7,channel_45_8,channel_45_9,channel_45_10,channel_45_11,channel_45_12,channel_45_13,channel_45_14,channel_45_15,channel_45_16,channel_45_17,channel_45_18,channel_45_19,channel_45_20,channel_45_21,channel_45_22,channel_45_23,channel_45_24,channel_45_25,channel_45_26,channel_45_27,channel_45_28,channel_45_29,channel_45_30,channel_45_31,channel_45_32,channel_45_33,channel_45_34,channel_45_35,channel_45_36,channel_45_37,channel_45_38,channel_45_39,channel_45_40,channel_45_41,channel_45_42,channel_45_43,channel_45_44,channel_45_45,channel_45_46,channel_45_47,channel_45_48,channel_45_49,channel_45_50,channel_45_51,channel_45_52,channel_45_53,channel_45_54,channel_45_55,channel_45_56,channel_45_57,channel_45_58,channel_45_59,channel_45_60,channel_45_61,channel_45_62,channel_45_63,channel_45_64,channel_45_65,channel_45_66,channel_45_67,channel_45_68,channel_45_69,channel_45_70,channel_45_71,channel_45_72,channel_45_73,channel_45_74,channel_45_75,channel_46_1,channel_46_2,channel_46_3,channel_46_4,channel_46_5,channel_46_6,channel_46_7,channel_46_8,channel_46_9,channel_46_10,channel_46_11,channel_46_12,channel_46_13,channel_46_14,channel_46_15,channel_46_16,channel_46_17,channel_46_18,channel_46_19,channel_46_20,channel_46_21,channel_46_22,channel_46_23,channel_46_24,channel_46_25,channel_46_26,channel_46_27,channel_46_28,channel_46_29,channel_46_30,channel_46_31,channel_46_32,channel_46_33,channel_46_34,channel_46_35,channel_46_36,channel_46_37,channel_46_38,channel_46_39,channel_46_40,channel_46_41,channel_46_42,channel_46_43,channel_46_44,channel_46_45,channel_46_46,channel_46_47,channel_46_48,channel_46_49,channel_46_50,channel_46_51,channel_46_52,channel_46_53,channel_46_54,channel_46_55,channel_46_56,channel_46_57,channel_46_58,channel_46_59,channel_46_60,channel_46_61,channel_46_62,channel_46_63,channel_46_64,channel_46_65,channel_46_66,channel_46_67,channel_46_68,channel_46_69,channel_46_70,channel_46_71,channel_46_72,channel_46_73,channel_46_74,channel_46_75
1,0,0,0,0,0,0,0,0,0,0,0,0,0,0,0,0,0,0,0,0,0,0,0,0,0,0,0,0,0,0,0,0,0,0,0,0,0,0,0,0,0,0,0,0,0,0,0,0,0,0,0,0,0,0,0,0,0,0,0,0,0,0,0,0,0,0,0,0,0,0,0,0,0,0,0,0,0,0,0,0,0,0,0,0,0,0,0,0,0,0,0,0,0,0,0,0,0,0,0,0,0,0,0,0,0,0,0,0,0,0,0,0,0,0,0,0,0,0,0,0,0,0,0,0,0,0,0,0,0,0,0,0,0,0,0,0,0,0,0,0,0,0,0,0,0,0,0,0,0,0,-0.016512336,-0.016548585,-0.020165732,-0.020791318,-0.023484394,-0.028382491,-0.030512841,-0.031965952,-0.032092445,-0.035908848,-0.038535565,-0.040211104,-0.039458446,-0.03878166,-0.032542765,-0.030033123,-0.029073557,-0.023132863,-0.018434988,-0.00946985,-0.0058546714,-0.003224568,0.0077040903,0.017885774,0.026540065,0.03195161,0.0374092,0.0433422,0.048811886,0.059451476,0.06289338,0.06416855,0.0703198,0.07540503,0.07560105,0.075331405,0.06685803,0.06532918,0.06243738,0.06044205,0.05297156,0.04343524,0.03861328,0.038783558,0.028356552,0.020603398,0.009005896,0.0030975156,-0.00016564276,-0.009542495,-0.016554132,-0.02232905,-0.022378463,-0.028759634,-0.029519306,-0.03343693,-0.035293452,-0.0363528,-0.036320154,-0.033734623,-0.033765726,-0.03439635,-0.029704375,-0.02994847,-0.026814893,-0.022765137,-0.021404691,-0.018484209,-0.017045362,-0.014587707,-0.014594267,-0.011247446,-0.006688742,-0.005588252,-0.0043053897
2,0,0,0,0,0,0,0,0,0,0,0,0,0,0,0,0,0,0,0,0,0,0,0,0,0,0,0,0,0,0,0,0,0,0,0,0,0,0,0,0,0,0,0,0,0,0,0,0,0,0,0,0,0,0,0,0,0,0,0,0,0,0,0,0,0,0,0,0,0,0,0,0,0,0,0,0,0,0,0,0,0,0,0,0,0,0,0,0,0,0,0,0,0,0,0,0,0,0,0,0,0,0,0,0,0,0,0,0,0,0,0,0,0,0,0,0,0,0,0,0,0,0,0,0,0,0,0,0,0,0,0,0,0,0,0,0,0,0,0,0,0,0,0,0,0,0,0,0,0,0,0.034287628,0.036312513,0.036624946,0.037034564,0.042758666,0.042739905,0.043204594,0.04232325,0.04229331,0.042109836,0.042262267,0.041738555,0.041482627,0.037758574,0.03777733,0.037757047,0.037198268,0.037147827,0.037156735,0.03728433,0.037307356,0.037000228,0.03705799,0.03824111,0.038748305,0.038638756,0.038376026,0.037370283,0.037356235,0.03745229,0.039745636,0.036450855,0.034707814,0.029743882,0.024505423,0.011187277,-0.0031906732,-0.02112483,-0.02787611,-0.034254115,-0.036612492,-0.04178263,-0.04228215,-0.04262911,-0.041292123,-0.04125083,-0.040933356,-0.041059587,-0.040374916,-0.0393265,-0.039931502,-0.03879312,-0.039339487,-0.038852166,-0.038469996,-0.040727865,-0.040877774,-0.041249786,-0.041209836,-0.04151299,-0.041375246,-0.04121543,-0.04178009,-0.039784092,-0.03961079,-0.040195357,-0.04018223,-0.0397324,-0.039634038,-0.03778506,-0.03703122,-0.036280066,-0.03418115,-0.022912959,-0.018644689
3,0,0,0,0,0,0,0,0,0,0,0,0,0,0,0,0,0,0,0,0,0,0,0,0,0,0,0,0,0,0,0,0,0,0,0,0,0,0,0,0,0,0,0,0,0,0,0,0,0,0,0,0,0,0,0,0,0,0,0,0,0,0,0,0,0,0,0,0,0,0,0,0,0,0,0,0,0,0,0,0,0,0,0,0,0,0,0,0,0,0,0,0,0,0,0,0,0,0,0,0,0,0,0,0,0,0,0,0,0,0,0,0,0,0,0,0,0,0,0,0,0,0,0,0,0,0,0,0,0,0,0,0,0,0,0,0,0,0,0,0,0,0,0,0,0,0,0,0,0,0,0.0052708345,0.006561019,0.00680672,0.0061333864,0.008956612,0.009701084,0.011353148,0.011419486,0.013573053,0.014653749,0.0151949525,0.019414416,0.024750516,0.02542627,0.032725036,0.0330656,0.035741363,0.039531812,0.039331734,0.040406656,0.040906046,0.041740946,0.04284498,0.043149043,0.043322906,0.039127864,0.03521337,0.03342991,0.032641213,0.029815394,0.027385632,0.022174317,0.018704021,0.015553398,0.014273208,0.0051812697,-0.00032916383,-0.0010513676,-0.00043316558,-0.00013180189,-0.007772239,-0.008310633,-0.006370958,-0.006603833,-0.009820656,-0.015172953,-0.018614085,-0.018751536,-0.017303107,-0.020972889,-0.02441824,-0.032299608,-0.032218825,-0.033356067,-0.03554523,-0.03898183,-0.040782038,-0.04145504,-0.04175386,-0.044992633,-0.045808785,-0.048313744,-0.041495856,-0.039315876,-0.036696322,-0.035006493,-0.033454698,-0.032809667,-0.026744757,-0.022868458,-0.019375699,-0.017911935,-0.011497185,-0.009969065,-0.008902712
4,0,0,0,0,0,0,0,0,0,0,0,0,0,0,0,0,0,0,0,0,0,0,0,0,0,0,0,0,0,0,0,0,0,0,0,0,0,0,0,0,0,0,0,0,0,0,0,0,0,0,0,0,0,0,0,0,0,0,0,0,0,0,0,0,0,0,0,0,0,0,0,0,0,0,0,0.006499948,0.010065047,0.009899809,0.010449575,0.011131643,0.012986924,0.012838482,0.011451897,0.009996318,0.0143187195,0.01928318,0.018887494,0.016662158,0.02206908,0.023353677,0.023830002,0.024539575,0.028720174,0.031061454,0.031479627,0.032293007,0.033749998,0.034323893,0.0347,0.03579691,0.037287325,0.038229425,0.03959065,0.039741367,0.041183833,0.041646186,0.04124073,0.041018188,0.040287405,0.03932129,0.040154606,0.03647799,0.035515927,0.03507,0.035342794,0.0359022,0.035988662,0.034440756,0.030189356,0.031088399,0.029666673,0.027272927,0.024397535,0.025098301,0.020165548,0.01691348,0.014103936,0.014134555,0.014418263,0.01441263,0.014090832,0.008558368,0.008335879,0.0078062546,0.009559219,0.009522066,0.008384627,0.0050955475,0.0052617798,0.0059588524,0.0049864096,0.004607416,0.0036556663,0.0037575306,0.0062248744,0.004722791,0.0033317516,0.0041256705,0.004603257,0.0040072273,0,0,0,0,0,0,0,0,0,0,0,0,0,0,0,0,0,0,0,0,0,0,0,0,0,0,0,0,0,0,0,0,0,0,0,0,0,0,0,0,0,0,0,0,0,0,0,0,0,0,0,0,0,0,0,0,0,0,0,0,0,0,0,0,0,0,0,0,0,0,0,0,0,0,0
5,-0.008593426,-0.008830176,-0.007882531,-0.007635298,-0.008869275,-0.015209172,-0.018561423,-0.018772462,-0.018764324,-0.02063076,-0.023830963,-0.025213907,-0.025701841,-0.028074939,-0.028536065,-0.029623283,-0.030548947,-0.033544626,-0.033958413,-0.034061886,-0.034777183,-0.040528484,-0.04037482,-0.040443283,-0.040200472,-0.040241163,-0.041074716,-0.039794464,-0.03678113,-0.03651185,-0.037864577,-0.037808977,-0.03694062,-0.037072524,-0.036225777,-0.037823677,-0.038180444,-0.037881136,-0.037049558,-0.039563227,-0.041085105,-0.040882003,-0.040938463,-0.039309815,-0.040210087,-0.039378766,-0.03907692,-0.038468804,-0.035793576,-0.034026258,-0.034123752,-0.033855326,-0.031366102,-0.03156951,-0.029986065,-0.028911399,-0.028408991,-0.026592372,-0.025871795,-0.025894849,-0.02664065,-0.024077093,-0.02394145,-0.024015674,-0.022952288,-0.022708263,-0.021623058,-0.018117538,-0.01729227,-0.01422868,-0.014090439,-0.0054257633,-0.0050412426,-0.0038444588,-0.0023223162,0,0,0,0,0,0,0,0,0,0,0,0,0,0,0,0,0,0,0,0,0,0,0,0,0,0,0,0,0,0,0,0,0,0,0,0,0,0,0,0,0,0,0,0,0,0,0,0,0,0,0,0,0,0,0,0,0,0,0,0,0,0,0,0,0,0,0,0,0,0,0,0,0,0,0,0,0,0,0,0,0,0,0,0,0,0,0,0,0,0,0,0,0,0,0,0,0,0,0,0,0,0,0,0,0,0,0,0,0,0,0,0,0,0,0,0,0,0,0,0,0,0,0,0,0,0,0,0,0,0,0,0,0,0,0,0,0,0,0,0,0,0,0,0,0,0,0,0,0,0
6,0.0021483176,0.0025772185,0.0030217392,0.0028253766,0.0031337067,0.0028910711,0.004033311,0.004073368,0.0043563903,0.0048176195,0.005689372,0.0054451125,0.0077797673,0.0072756982,0.0075597456,0.008112591,0.00896716,0.010063325,0.009972378,0.010198216,0.016793674,0.018104505,0.019820362,0.019784898,0.020763356,0.027474767,0.028248077,0.034573022,0.034635425,0.034615304,0.039796606,0.040422287,0.040005263,0.039819617,0.04018799,0.040794197,0.04306671,0.047241244,0.04730225,0.047063056,0.046972647,0.046865262,0.048224628,0.048661627,0.047891602,0.04797832,0.04829881,0.04877475,0.048547268,0.046010524,0.045745466,0.045918908,0.04595066,0.045804217,0.039068844,0.03961418,0.040690873,0.040052615,0.039255638,0.037920684,0.03754842,0.037464805,0.034343265,0.033385497,0.02828293,0.027689708,0.027659003,0.02776031,0.024341743,0.022898437,0.020670407,0.020589087,0.020618966,0.017347295,0.017080225,0,0,0,0,0,0,0,0,0,0,0,0,0,0,0,0,0,0,0,0,0,0,0,0,0,0,0,0,0,0,0,0,0,0,0,0,0,0,0,0,0,0,0,0,0,0,0,0,0,0,0,0,0,0,0,0,0,0,0,0,0,0,0,0,0,0,0,0,0,0,0,0,0,0,0,0,0,0,0,0,0,0,0,0,0,0,0,0,0,0,0,0,0,0,0,0,0,0,0,0,0,0,0,0,0,0,0,0,0,0,0,0,0,0,0,0,0,0,0,0,0,0,0,0,0,0,0,0,0,0,0,0,0,0,0,0,0,0,0,0,0,0,0,0,0,0,0,0,0,0
7,0,0,0,0,0,0,0,0,0,0,0,0,0,0,0,0,0,0,0,0,0,0,0,0,0,0,0,0,0,0,0,0,0,0,0,0,0,0,0,0,0,0,0,0,0,0,0,0,0,0,0,0,0,0,0,0,0,0,0,0,0,0,0,0,0,0,0,0,0,0,0,0,0,0,0,-0.040173598,-0.040936626,-0.040856175,-0.045329664,-0.04587233,-0.045392845,-0.044854328,-0.044591974,-0.043872807,-0.043131202,-0.040224575,-0.037347194,-0.037057985,-0.037916884,-0.03843301,-0.036872506,-0.030637382,-0.030552503,-0.030129034,-0.027979705,-0.027143987,-0.024516605,-0.024255894,-0.023154272,-0.017664038,-0.016067246,-0.012089867,-0.012279454,-0.010601074,-0.010314637,-0.007346381,-0.003743846,-0.0043155635,-0.0026192628,-0.00052841334,0.0018123874,0.006286886,0.004877439,0.004470269,0.0078013944,0.012785707,0.013382494,0.01493499,0.014668942,0.015793871,0.020922745,0.02090392,0.021340739,0.021724073,0.023530412,0.029556325,0.029339172,0.030201329,0.03136683,0.03104331,0.03680121,0.0372358,0.037852958,0.037928678,0.03848874,0.042125702,0.04163687,0.043849606,0.044086467,0.04828074,0.048665527,0.04806779,0.047070768,0.047095355,0.046287153,0.042025745,0.041329227,0.03377783,0.03238112,0.031080384,0,0,0,0,0,0,0,0,0,0,0,0,0,0,0,0,0,0,0,0,0,0,0,0,0,0,0,0,0,0,0,0,0,0,0,0,0,0,0,0,0,0,0,0,0,0,0,0,0,0,0,0,0,0,0,0,0,0,0,0,0,0,0,0,0,0,0,0,0,0,0,0,0,0,0
8,0,0,0,0,0,0,0,0,0,0,0,0,0,0,0,0,0,0,0,0,0,0,0,0,0,0,0,0,0,0,0,0,0,0,0,0,0,0,0,0,0,0,0,0,0,0,0,0,0,0,0,0,0,0,0,0,0,0,0,0,0,0,0,0,0,0,0,0,0,0,0,0,0,0,0,0,0,0,0,0,0,0,0,0,0,0,0,0,0,0,0,0,0,0,0,0,0,0,0,0,0,0,0,0,0,0,0,0,0,0,0,0,0,0,0,0,0,0,0,0,0,0,0,0,0,0,0,0,0,0,0,0,0,0,0,0,0,0,0,0,0,0,0,0,0,0,0,0,0,0,-0.03854614,-0.043007255,-0.043701936,-0.043115832,-0.043338735,-0.036905017,-0.038619507,-0.035715736,-0.035339925,-0.03461894,-0.023629012,-0.018132772,-0.012992133,-0.013421392,-0.012751747,-0.004736587,-0.00064455176,-0.0004635344,0.0016553432,0.0043476196,0.011150024,0.015747232,0.01971611,0.019263472,0.0208402,0.023987161,0.033047,0.03582175,0.036111288,0.03763814,0.03807566,0.039068654,0.039042216,0.037603006,0.03545112,0.033475664,0.027846808,0.00037532134,-0.028239958,-0.040535606,-0.046676315,-0.046592027,-0.042658783,-0.039389648,-0.04045659,-0.036126886,-0.0314195,-0.029305115,-0.029002357,-0.025331695,-0.021053085,-0.018822033,-0.015357291,-0.012922962,-0.007617577,-0.004746989,0.0007461826,0.0022205974,0.0065818205,0.010626688,0.015562739,0.022711972,0.025759041,0.02622774,0.031304106,0.038110778,0.038319733,0.03838083,0.038019154,0.043909483,0.044185337,0.044107784,0.04380116,0.036305957,0.038085397
9,0,0,0,0,0,0,0,0,0,0,0,0,0,0,0,0,0,0,0,0,0,0,0,0,0,0,0,0,0,0,0,0,0,0,0,0,0,0,0,0,0,0,0,0,0,0,0,0,0,0,0,0,0,0,0,0,0,0,0,0,0,0,0,0,0,0,0,0,0,0,0,0,0,0,0,-0.03128784,-0.03309341,-0.03665601,-0.036653157,-0.0352505,-0.035605296,-0.03469128,-0.034427695,-0.033955857,-0.03316108,-0.03201069,-0.032613467,-0.032748446,-0.03273214,-0.031359788,-0.028079774,-0.027600603,-0.02667666,-0.024231767,-0.024428977,-0.024193209,-0.024376119,-0.023569804,-0.019492557,-0.019476527,-0.018713929,-0.018730452,-0.017229391,-0.014547103,-0.0144942,-0.013947361,-0.012221455,-0.011989564,-0.010634076,-0.0070388773,-0.0069321664,-0.006978864,-0.005185004,-0.001983583,-0.0017290639,-0.0008075037,-0.0003615609,0.003069205,0.0035451811,0.0050068195,0.0067526447,0.0073746913,0.008637741,0.009955842,0.0104647465,0.011611561,0.016660515,0.01893724,0.020185785,0.019842627,0.019923434,0.022350704,0.023880545,0.0255512,0.026873684,0.030814867,0.030919593,0.030998217,0.033470195,0.035047524,0.036061704,0.038178872,0.039534226,0.03882116,0.03955304,0.040504403,0.039672755,0.038062844,0.037618097,0.037291672,-0.029579539,-0.031160142,-0.033982906,-0.033977747,-0.03450677,-0.033571318,-0.031409476,-0.031314485,-0.031061545,-0.030884326,-0.029896325,-0.026908897,-0.026518617,-0.027442407,-0.027761165,-0.025918053,-0.025077656,-0.023111364,-0.023115242,-0.02294912,-0.022071723,-0.020532796,-0.020683287,-0.020933168,-0.019497976,-0.017036878,-0.015958346,-0.013454927,-0.013763277,-0.01214331,-0.009289177,-0.007804784,-0.007649783,-0.0065953596,-0.006194447,-0.00539324,-0.0050669275,-0.0036427188,-0.002219585,-0.00082381,0.0009518165,0.0016292172,0.001413967,0.0019366026,0.0023860487,0.0074420813,0.007870875,0.008152992,0.010510827,0.011202832,0.014381469,0.017578594,0.017535638,0.017948521,0.019295797,0.022394728,0.022904456,0.025140364,0.026343644,0.028024355,0.031486083,0.031584576,0.031745154,0.031624563,0.03439423,0.036087826,0.039493594,0.038369596,0.04042844,0.040369533,0.04051931,0.04013578,0.039472207,0.03225993,0.0316748
10,0,0,0,0,0,0,0,0,0,0,0,0,0,0,0,0,0,0,0,0,0,0,0,0,0,0,0,0,0,0,0,0,0,0,0,0,0,0,0,0,0,0,0,0,0,0,0,0,0,0,0,0,0,0,0,0,0,0,0,0,0,0,0,0,0,0,0,0,0,0,0,0,0,0,0,-0.025284093,-0.025437733,-0.029952515,-0.031159574,-0.033356667,-0.03558924,-0.03573287,-0.036240432,-0.036271006,-0.036957923,-0.035849035,-0.03560659,-0.035520192,-0.034818225,-0.034797017,-0.034146994,-0.030487068,-0.02916167,-0.028057097,-0.027511952,-0.027369313,-0.025367819,-0.024787486,-0.022843797,-0.022810485,-0.021006841,-0.019946273,-0.01805337,-0.015159169,-0.015000755,-0.013495954,-0.012374628,-0.009989002,-0.009524681,-0.008464467,-0.008143044,-0.006126432,-0.0032942493,-0.0022171591,-0.0010269623,0.002502074,0.0038599095,0.0038113478,0.005403777,0.00773685,0.010613316,0.013843743,0.0135214785,0.013666356,0.015675604,0.017862046,0.018336112,0.018533884,0.020758076,0.022881625,0.024395574,0.026188826,0.027283827,0.02881558,0.029240847,0.033362664,0.034759466,0.03419722,0.035537474,0.038421646,0.03912157,0.038769938,0.038827285,0.03883064,0.039261263,0.03865502,0.03800067,0.035749104,0.035910297,0.03566634,0.00706383,0.007355179,0.008400293,0.0143741295,0.018149925,0.018365309,0.019143123,0.023246363,0.02894962,0.034631316,0.03823705,0.03931131,0.039674763,0.03990675,0.039882656,0.03992621,0.040139105,0.039989457,0.0399852,0.040135328,0.043423135,0.04339816,0.04302757,0.042502776,0.04310646,0.041719608,0.040199455,0.03843466,0.03850631,0.03861245,0.030792112,0.028076183,0.026544573,0.021291124,0.021221697,0.013119832,0.0071443017,0.004287741,0.0017805953,0.0017854045,-0.007722804,-0.01252262,-0.016435985,-0.017151142,-0.018072763,-0.02688903,-0.032215502,-0.03265404,-0.035546802,-0.035988487,-0.03847635,-0.03985597,-0.039863057,-0.039841745,-0.04191599,-0.04253182,-0.042049292,-0.041607812,-0.04082132,-0.04294614,-0.042947248,-0.042100675,-0.041416667,-0.03925668,-0.039491188,-0.0384825,-0.038225774,-0.029039564,-0.026010394,-0.02234149,-0.021502547,-0.019759953,-0.018362233,-0.01841359,-0.01836735
11,0,0,0,0,0,0,0,0,0,0,0,0,0,0,0,0,0,0,0,0,0,0,0,0,0,0,0,0,0,0,0,0,0,0,0,0,0,0,0,0,0,0,0,0,0,0,0,0,0,0,0,0,0,0,0,0,0,0,0,0,0,0,0,0,0,0,0,0,0,0,0,0,0,0,0,0,0,0,0,0,0,0,0,0,0,0,0,0,0,0,0,0,0,0,0,0,0,0,0,0,0,0,0,0,0,0,0,0,0,0,0,0,0,0,0,0,0,0,0,0,0,0,0,0,0,0,0,0,0,0,0,0,0,0,0,0,0,0,0,0,0,0,0,0,0,0,0,0,0,0,0.0352506,0.035100844,0.035555035,0.038545903,0.039349865,0.03942406,0.038188707,0.03733163,0.036823906,0.039189592,0.038470253,0.037716635,0.012036775,-0.029741405,-0.03255472,-0.03799097,-0.0385453,-0.03928395,-0.039333735,-0.03919206,-0.039163575,-0.040126033,-0.039407674,-0.039860804,-0.025113825,0.021791516,0.025564367,0.03352388,0.03563877,0.037427664,0.036268283,0.034639854,0.03428984,0.03572383,0.037012298,0.038508713,0.038643405,0.013720556,-0.03468118,-0.03478585,-0.036730543,-0.03798627,-0.0379228,-0.037904367,-0.03890808,-0.039097883,-0.038895976,-0.037881214,-0.036456782,-0.021476602,0.028171442,0.029802017,0.034636687,0.040657353,0.041799504,0.04184182,0.041690897,0.04266748,0.041810334,0.039422065,0.03957269,0.039590478,0.018621245,-0.017948186,-0.02658177,-0.033528004,-0.037392978,-0.0377258,-0.038667187,-0.03895977,-0.041054197,-0.040443387,-0.040165946,-0.038249604,-0.037606172
12,-0.03911486,-0.039304607,-0.039715998,-0.039581638,-0.03985965,-0.03996035,-0.040259562,-0.039296076,-0.039241306,-0.03933071,-0.039814856,-0.039774355,-0.038321722,-0.03834149,-0.03963472,-0.039731413,-0.039859235,-0.0397282,-0.039592244,-0.03944451,-0.039361436,-0.03962814,-0.03982313,-0.039226726,-0.03801169,-0.03867001,-0.038347736,-0.038765978,-0.03870622,-0.038744718,-0.039222732,-0.038770214,-0.038722955,-0.03901829,-0.03928821,-0.038728803,-0.039584715,-0.039776105,-0.040033653,-0.039902564,-0.039963696,-0.03978536,-0.039990976,-0.04016341,-0.039932862,-0.039987613,-0.03987839,-0.039666165,-0.039763592,-0.03949132,-0.039606307,-0.039613593,-0.039287746,-0.040261798,-0.03968414,-0.039493453,-0.03912174,-0.03916749,-0.03954381,-0.03931019,-0.039260034,-0.039493404,-0.040018603,-0.039654624,-0.039882798,-0.039985675,-0.039204434,-0.039360918,-0.039546728,-0.040044926,-0.04047114,-0.040584013,-0.03752372,-0.035642214,-0.03462016,-0.035971064,-0.038616814,-0.03939526,-0.039776362,-0.039581224,-0.03937066,-0.038629424,-0.038595904,-0.039409284,-0.039448097,-0.03947734,-0.039513588,-0.039806906,-0.04010795,-0.040044278,-0.040016625,-0.04024817,-0.039951537,-0.040547006,-0.040389415,-0.040316284,-0.040838018,-0.040083732,-0.039984465,-0.039911468,-0.039908215,-0.039944388,-0.039925195,-0.039968066,-0.039742123,-0.039750025,-0.03989458,-0.039971374,-0.04031866,-0.04031217,-0.04006378,-0.03983405,-0.04031143,-0.040679604,-0.039780665,-0.039182447,-0.0390869,-0.038716033,-0.039303817,-0.03891056,-0.039437413,-0.03964312,-0.03899122,-0.039084278,-0.039077926,-0.03984956,-0.03971944,-0.039811928,-0.039998673,-0.039754577,-0.039763983,-0.03900836,-0.03892123,-0.03939224,-0.039443396,-0.03877776,-0.038927924,-0.03958607,-0.03944641,-0.040292595,-0.039939303,-0.04011074,-0.040311687,-0.040559348,-0.03997322,-0.039834797,-0.0406746,-0.04032422,-0.039357807,-0.03661154,-0.037624996,-0.03770099,-0.03858602,-0.03882725,-0.039390117,-0.0390545,-0.039341453,-0.039519418,-0.038393117,-0.03799184,-0.038050037,-0.03837449,-0.038257472,-0.0370918,-0.03689334,-0.037699718,-0.038606882,-0.039245903,-0.039294913,-0.03980504,-0.039855156,-0.039870124,-0.04005044,-0.04015995,-0.03999956,-0.039333776,-0.03919658,-0.03950943,-0.039541293,-0.039574232,-0.040148947,-0.04032972,-0.040331677,-0.039765865,-0.039351452,-0.039304845,-0.039814018,-0.039856404,-0.040361863,-0.040044107,-0.039821118,-0.04019421,-0.040591765,-0.039760552,-0.039575417,-0.03978163,-0.039309695,-0.03935251,-0.039843045,-0.039527126,-0.03918148,-0.03923615,-0.039539788,-0.03937499,-0.039347306,-0.03926099,-0.03915377,-0.039318245,-0.03907581,-0.03898688,-0.03911525,-0.03924513,-0.038820416,-0.038245633,-0.038106292,-0.03785416,-0.038542386,-0.037898537,-0.037256494,-0.0374492,-0.037216876,-0.036422662,-0.036029093,-0.03453362,-0.032227498
13,0.020248657,0.022148471,0.025434842,0.032159362,0.035762176,0.036482062,0.03902554,0.038920134,0.038413767,0.037706345,0.03697152,0.036918707,0.03697806,0.03408523,0.03395872,0.032193787,0.03142555,0.029020615,0.023524467,0.020763887,0.017802538,0.01619696,0.011478165,0.008662944,0.0028023645,-0.00040341704,-0.0023138963,-0.003132427,-0.003250145,-0.005786741,-0.0059693567,-0.006348504,-0.005974697,-0.005533169,-0.00709994,-0.007253987,-0.006864127,-0.006002064,-0.0053915535,-0.004963727,-0.0051365956,-0.0052395007,-0.0052502854,-0.0051041436,-0.0050129644,-0.0051854444,-0.0038276156,-0.0037177845,-0.0029495263,-0.0030319246,-0.0035659089,-0.00336136,-0.003305022,-0.004444611,-0.0043900446,-0.0033251545,-0.003198888,-0.0027996686,-0.0021128918,-0.0020859344,-0.0017544549,-0.0012314583,-0.0010854015,-0.0008337667,-0.0011290591,-0.00083115906,-0.000026541406,0.0001577849,-0.0001988383,0.00022107466,0.0010466173,0.001026003,0.0005614434,0.0013866251,0.0006362471,-0.007953884,-0.008086853,-0.007119184,-0.0072610723,-0.0077955932,-0.006903983,-0.0070056734,-0.0060549686,-0.0058087995,-0.006045053,-0.00594454,-0.0057233213,-0.0039983597,-0.0036370135,-0.001797639,-0.00021941433,-0.00019203145,-0.000633154,0.0031564038,0.004317192,0.0051258164,0.006626228,0.00757098,0.011075818,0.01264578,0.018027194,0.022637358,0.022664195,0.024344336,0.03025608,0.0363744,0.03586621,0.03490493,0.03543562,0.035227105,0.035072174,0.036597673,0.031601742,0.03174928,0.031310923,0.03127274,0.030252302,0.02626204,0.02284973,0.020258391,0.01568171,0.009241856,0.0024316963,0.0034811576,0.0026500083,0.0021684482,0.00061561895,-0.0013089225,-0.0011851772,-0.0048112087,-0.005615077,-0.006624653,-0.009012121,-0.010187942,-0.0073353755,-0.0073398133,-0.007436974,-0.007508608,-0.0071731494,-0.007799566,-0.007861548,-0.007215157,-0.007044329,-0.0055148266,-0.005086789,-0.0037468714,-0.004378848,-0.004105913,-0.0028552336,-0.004978143,-0.0049922466,-0.004348851,-0.004255719,-0.004430618,-0.0046593375,-0.0042413617,-0.0043461933,-0.005112338,-0.004453124,-0.0047984337,-0.005116393,-0.004838189,-0.0040619504,-0.0031487118,-0.0028615587,-0.0041396064,-0.003805793,-0.0034256612,-0.0032077834,-0.0028137919,-0.0029658277,-0.0035683184,-0.0049125664,-0.004681061,-0.0061257756,-0.0062656994,-0.0051581883,-0.0047405553,-0.0047199293,-0.0046591507,-0.0029767768,-0.0028647094,-0.0027455566,-0.0027595053,-0.0020659026,0.00015823617,0.00033266083,0.0007871076,0.0012559486,0.0013004531,0.003121934,0.0036958258,0.004003598,0.0044701323,0.0049998863,0.0054218727,0.0071791974,0.008734088,0.013785579,0.015556627,0.01856679,0.018497337,0.026630739,0.031546056,0.034398127,0.036204383,0.037045483,0.03729818,0.037520144,0.037244644,0.036027722,0.03546067,0.03321625,0.030703232,0.029620398,0.02677246,0.025549376,0.024359008,0.022714948,0.017813785,0.016689869,0.016134478,0.013019782,0.012347224,0.0126302615
14,0,0,0,0,0,0,0,0,0,0,0,0,0,0,0,0,0,0,0,0,0,0,0,0,0,0,0,0,0,0,0,0,0,0,0,0,0,0,0,0,0,0,0,0,0,0,0,0,0,0,0,0,0,0,0,0,0,0,0,0,0,0,0,0,0,0,0,0,0,0,0,0,0,0,0,-0.014103498,-0.014065419,-0.014363626,-0.015320726,-0.025804797,-0.026408412,-0.02439617,-0.024781164,-0.028980952,-0.03433651,-0.032966968,-0.034401707,-0.034533925,-0.041874353,-0.042084843,-0.043616038,-0.043547284,-0.043618385,-0.043779574,-0.049946822,-0.050000325,-0.050006885,-0.050519582,-0.04943386,-0.048658516,-0.04858386,-0.046330474,-0.04408909,-0.042794656,-0.039708406,-0.038509868,-0.036707748,-0.035098888,-0.03430352,-0.03453871,-0.034364756,-0.034209695,-0.03472085,-0.034281462,-0.038532685,-0.029674511,-0.028497275,-0.027365,-0.02750441,-0.029731771,-0.029523851,-0.029945258,-0.033129457,-0.03367071,-0.033297546,-0.034891386,-0.034371376,-0.0343929,-0.034477733,-0.036928907,-0.037362237,-0.03727044,-0.037458416,-0.040496837,-0.0414128,-0.039808884,-0.038137555,-0.037933484,-0.035641264,-0.03622038,-0.034337196,-0.03272997,-0.032403853,-0.032265943,-0.033143394,-0.02655055,-0.02450118,-0.022713836,-0.022147814,-0.020829199,0,0,0,0,0,0,0,0,0,0,0,0,0,0,0,0,0,0,0,0,0,0,0,0,0,0,0,0,0,0,0,0,0,0,0,0,0,0,0,0,0,0,0,0,0,0,0,0,0,0,0,0,0,0,0,0,0,0,0,0,0,0,0,0,0,0,0,0,0,0,0,0,0,0,0
15,-0.013790797,-0.015317726,-0.021063197,-0.030591153,-0.03917701,-0.04007654,-0.039837416,-0.03977321,-0.039816555,-0.04078658,-0.03981218,-0.0396978,-0.04006337,-0.040557306,-0.040589716,-0.03978501,-0.039607983,-0.03961158,-0.040746454,-0.04088224,-0.04069268,-0.040567573,-0.040482756,-0.04039201,-0.03971986,-0.038765643,-0.0392656,-0.039294556,-0.03925166,-0.039110582,-0.038536835,-0.037495866,-0.03681156,-0.03652823,-0.03626374,-0.031171786,-0.026818087,-0.021822406,-0.01277112,0.0050362824,0.023428153,0.032540064,0.034683067,0.037258055,0.03723971,0.03666945,0.036483303,0.03694135,0.035935834,0.036203906,0.035779014,0.036542054,0.03664345,0.03714158,0.037844006,0.040738113,0.040902477,0.038988534,0.038495623,0.03859597,0.039638385,0.03965623,0.038361542,0.038863964,0.038676914,0.038550995,0.03834634,0.038099397,0.03657434,0.036200736,0.03586265,0.0355504,0.03592681,0.032385133,0.03194877,0,0,0,0,0,0,0,0,0,0,0,0,0,0,0,0,0,0,0,0,0,0,0,0,0,0,0,0,0,0,0,0,0,0,0,0,0,0,0,0,0,0,0,0,0,0,0,0,0,0,0,0,0,0,0,0,0,0,0,0,0,0,0,0,0,0,0,0,0,0,0,0,0,0,0,0.009166562,0.0090674,0.020966073,0.034308787,0.03787846,0.0400474,0.040156446,0.04018408,0.03986236,0.04011379,0.04012259,0.04033173,0.04073104,0.039955556,0.039704602,0.039847877,0.040420853,0.04087913,0.04118572,0.040591363,0.040315717,0.040562477,0.04058481,0.040656734,0.03954507,0.039357793,0.038786914,0.0393653,0.03935324,0.039338753,0.03844662,0.03830984,0.03713204,0.0364121,0.03396242,0.027775662,0.025630048,0.025310291,0.01871001,-0.0038041854,-0.020922586,-0.03470746,-0.033707492,-0.037474144,-0.038350444,-0.038857993,-0.0387454,-0.038729582,-0.03876755,-0.038224157,-0.03888072,-0.038669623,-0.0387783,-0.03865042,-0.039546583,-0.0403527,-0.040532485,-0.04023025,-0.03925434,-0.04028885,-0.04028422,-0.040209822,-0.040111024,-0.039664853,-0.039371885,-0.039977904,-0.03993792,-0.039776504,-0.039867666,-0.0394193,-0.039229773,-0.038561124,-0.037235968,-0.03720432,-0.036963034
16,0,0,0,0,0,0,0,0,0,0,0,0,0,0,0,0,0,0,0,0,0,0,0,0,0,0,0,0,0,0,0,0,0,0,0,0,0,0,0,0,0,0,0,0,0,0,0,0,0,0,0,0,0,0,0,0,0,0,0,0,0,0,0,0,0,0,0,0,0,0,0,0,0,0,0,0.0037011527,0.0057671233,0.0062311487,0.006141982,0.0065913596,0.0068781003,0.00858764,0.011303931,0.011448536,0.011832064,0.012400088,0.012025582,0.019628445,0.019587534,0.019563043,0.020311119,0.020152792,0.026878012,0.029336862,0.029684778,0.031074636,0.031849716,0.02977506,0.02847757,0.03178109,0.032880485,0.034554332,0.034429338,0.033293474,0.03307098,0.03384238,0.036946006,0.038952712,0.041268528,0.04261872,0.042675987,0.04453282,0.044775844,0.0439319,0.043624472,0.043672413,0.04383566,0.044441935,0.04394259,0.04464793,0.044392653,0.048259515,0.048244484,0.04349387,0.041118007,0.04248727,0.04232472,0.042334013,0.036059637,0.03624111,0.036590233,0.03937003,0.039032664,0.035858024,0.030557796,0.02644568,0.028004484,0.026758358,0.027750777,0.024219519,0.018782927,0.02336847,0.0224789,0.015762141,0.017392565,0.015741227,0.014208418,0.014103916,0.013937442,0.013273175,0.0019858354,0.0011008306,-0.00041672768,-0.00022761764,-0.0016133039,-0.0010050809,-0.0016444754,-0.0029717432,-0.0038528924,-0.0059468374,-0.005630549,-0.006920043,-0.0070933346,-0.0092008915,-0.009792525,-0.010566311,-0.012971865,-0.013385952,-0.014871553,-0.014544159,-0.015538132,-0.017049145,-0.016970355,-0.017253177,-0.018335467,-0.019228196,-0.020914242,-0.020458804,-0.021093583,-0.021144658,-0.021243896,-0.023096614,-0.023314146,-0.023187604,-0.024462515,-0.026275393,-0.026461987,-0.02695633,-0.025167687,-0.024308203,-0.024932202,-0.024621293,-0.024082785,-0.024219012,-0.024993233,-0.024533076,-0.02432367,-0.023447957,-0.024320176,-0.024207005,-0.024186993,-0.02362594,-0.023203101,-0.022443907,-0.022510972,-0.021693768,-0.0208488,-0.020412289,-0.018171238,-0.016793529,-0.01681334,-0.016277337,-0.015863415,-0.014064469,-0.013414225,-0.011568678,-0.011578271,-0.011519551,-0.011187082,-0.008288437,-0.008128473,-0.008446752,-0.007645548,-0.004471516,-0.0047761374
17,0.025743006,0.025261968,0.028278429,0.028376063,0.028161116,0.026549088,0.02670851,0.026360868,0.0266121,0.026380999,0.02582593,0.025791911,0.026557438,0.027257156,0.028868841,0.028849695,0.02753238,0.028183602,0.030104747,0.030355886,0.030430045,0.030573647,0.031190053,0.031263467,0.031432282,0.032665342,0.03204966,0.030681446,0.030880952,0.032777295,0.03217459,0.032251958,0.031419735,0.024368558,0.024571832,0.014798796,-0.009521326,-0.015227525,-0.02107528,-0.024928879,-0.026286324,-0.027407242,-0.027307449,-0.027777055,-0.028395658,-0.028182572,-0.029046224,-0.02933928,-0.02896209,-0.0291077,-0.028902413,-0.03023737,-0.030122833,-0.030285288,-0.03057482,-0.030850302,-0.031302422,-0.030790737,-0.029125052,-0.0296432,-0.029779093,-0.02993307,-0.029417189,-0.029234083,-0.0287741,-0.028523875,-0.028594654,-0.02851745,-0.02643321,-0.027340302,-0.02507186,-0.024541952,-0.0176934,-0.014386024,-0.012382382,0.014377167,0.013943508,0.009758192,0.012774136,0.012777182,0.0145925265,0.014345624,0.014254629,0.01360977,0.012958055,0.012663814,0.012523081,0.012370782,0.012398648,0.0106858555,0.010610573,0.01096799,0.010952562,0.009260987,0.008625163,0.007971488,0.008155798,0.009853427,0.010523328,0.0106790885,0.010348096,0.01030663,0.011111672,0.01119342,0.011626023,0.012085672,0.012194078,0.011417045,0.009839395,0.009604006,0.008579175,-0.006941893,-0.013092084,-0.015033549,-0.015806139,-0.016430968,-0.017178277,-0.016497312,-0.016407212,-0.01626007,-0.016281193,-0.01637192,-0.016464246,-0.016256137,-0.015878225,-0.014570104,-0.015086488,-0.014915709,-0.015010362,-0.0149646215,-0.014714931,-0.011998081,-0.011999233,-0.011720799,-0.011845574,-0.01180541,-0.012413418,-0.012599643,-0.012662543,-0.012631571,-0.010441094,-0.010180092,-0.010888188,-0.010293338,-0.011788356,-0.011809566,-0.011232325,-0.010688095,-0.008579619,-0.008746498,0.043117963,0.042449053,0.041135,0.04127147,0.04047049,0.04025386,0.04000327,0.03980888,0.039876558,0.040946443,0.04090794,0.041733056,0.04142688,0.040191963,0.04013687,0.041856203,0.041776024,0.041849352,0.041763183,0.04211402,0.041785523,0.04147226,0.041421045,0.042171925,0.04205739,0.04198628,0.041893315,0.0419714,0.04068959,0.041115314,0.04058031,0.039743274,0.03955185,0.037842385,0.0369977,0.025645403,-0.0063402937,-0.030122137,-0.03757758,-0.03879202,-0.03879166,-0.038455404,-0.039444484,-0.03959396,-0.039767522,-0.039161727,-0.03928104,-0.040018108,-0.03988284,-0.0404786,-0.042064957,-0.04117071,-0.040850364,-0.0407727,-0.040860582,-0.04126642,-0.0409921,-0.04121876,-0.041164074,-0.040755413,-0.040155936,-0.039319016,-0.040566135,-0.040622976,-0.04037325,-0.040018845,-0.040487148,-0.03991963,-0.039441567,-0.039103743,-0.038879946,-0.0383135,-0.0322185,-0.017826559,-0.01685516
18,-0.0039010453,-0.0045599556,-0.006621478,-0.012191743,-0.012026212,-0.013239388,-0.015101004,-0.016630245,-0.02045407,-0.022608891,-0.0237125,-0.025811803,-0.02732337,-0.032571174,-0.032627262,-0.032618236,-0.03743328,-0.038651124,-0.03889853,-0.038853806,-0.03855671,-0.03958989,-0.04039031,-0.04024657,-0.040098827,-0.04000359,-0.03941104,-0.038768202,-0.03898938,-0.038140725,-0.037034594,-0.034029648,-0.033024088,-0.03280321,-0.02574639,-0.02202807,-0.020213628,-0.018083032,-0.012478794,-0.010206646,-0.0025453845,0.00047311172,0.00038151818,0.0070640487,0.011966133,0.017846942,0.017871182,0.022988614,0.027599458,0.029416338,0.033806555,0.033813145,0.034156334,0.039548725,0.03972675,0.040105894,0.03975407,0.03981078,0.040950563,0.04110624,0.040840838,0.040515352,0.04032433,0.040303484,0.039763678,0.039352775,0.039167643,0.034985676,0.0351223,0.034931608,0.02952775,0.026145246,0.024983266,0.024049537,0.021537965,0,0,0,0,0,0,0,0,0,0,0,0,0,0,0,0,0,0,0,0,0,0,0,0,0,0,0,0,0,0,0,0,0,0,0,0,0,0,0,0,0,0,0,0,0,0,0,0,0,0,0,0,0,0,0,0,0,0,0,0,0,0,0,0,0,0,0,0,0,0,0,0,0,0,0,0,0,0,0,0,0,0,0,0,0,0,0,0,0,0,0,0,0,0,0,0,0,0,0,0,0,0,0,0,0,0,0,0,0,0,0,0,0,0,0,0,0,0,0,0,0,0,0,0,0,0,0,0,0,0,0,0,0,0,0,0,0,0,0,0,0,0,0,0,0,0,0,0,0,0
19,0,0,0,0,0,0,0,0,0,0,0,0,0,0,0,0,0,0,0,0,0,0,0,0,0,0,0,0,0,0,0,0,0,0,0,0,0,0,0,0,0,0,0,0,0,0,0,0,0,0,0,0,0,0,0,0,0,0,0,0,0,0,0,0,0,0,0,0,0,0,0,0,0,0,0,0,0,0,0,0,0,0,0,0,0,0,0,0,0,0,0,0,0,0,0,0,0,0,0,0,0,0,0,0,0,0,0,0,0,0,0,0,0,0,0,0,0,0,0,0,0,0,0,0,0,0,0,0,0,0,0,0,0,0,0,0,0,0,0,0,0,0,0,0,0,0,0,0,0,0,0.005471234,0.0039965846,-0.008057961,-0.009075056,-0.008513762,-0.010340497,-0.011064945,-0.015185171,-0.013112361,-0.012314817,-0.019081047,-0.02516503,-0.02337521,-0.027053567,-0.027013954,-0.011992595,-0.008205129,-0.008033405,-0.00634773,-0.002028997,0.022700647,0.023870107,0.023571784,0.024350507,0.029055009,0.017829712,0.017842004,-0.0027382968,-0.01987971,-0.014983053,-0.014967365,-0.014194077,-0.014129751,-0.011859647,-0.011549718,-0.01380826,0.010783713,0.008683227,-0.013116217,-0.014329216,-0.017417317,-0.020364337,-0.020817267,-0.019911064,-0.012667374,-0.011690223,-0.0057538413,-0.006783919,-0.008585291,-0.018192379,-0.015425725,-0.007688132,-0.0026976152,-0.009405627,0.011400476,0.012141616,0.030029299,0.03118651,0.029414287,0.032791708,0.02966269,0.027325321,0.010343338,-0.007692862,-0.0041189776,-0.014234015,-0.023873394,-0.022781936,-0.0005234879,0.0051178373,-0.019790024,-0.01988246,-0.01855459,-0.018959599,-0.020542763
20,-0.012803286,-0.015173816,-0.015128999,-0.01456445,-0.013380474,-0.007083162,-0.0019721242,0.010864938,0.01510176,0.023484124,0.025227409,0.024314169,0.019467488,0.010420599,-0.00045943758,-0.0135166375,-0.026702687,-0.031110357,-0.032354537,-0.031009402,-0.025244933,-0.01215731,0.0051913043,0.024793778,0.037086684,0.038783062,0.037785165,0.03695552,0.030975046,0.008334802,-0.010698987,-0.029681299,-0.03506415,-0.04122563,-0.04225424,-0.041319575,-0.025890414,-0.0060609845,0.014674336,0.029705111,0.03494799,0.03809448,0.039404288,0.03997088,0.022804959,0.0018538651,-0.0144275855,-0.029083274,-0.031666026,-0.036108576,-0.037500978,-0.032263976,-0.017355714,0.0004387624,0.014384423,0.028240403,0.034468543,0.034767702,0.03341721,0.02540784,0.013853385,0.0024556252,-0.007269242,-0.014841002,-0.020490667,-0.021318335,-0.019371018,-0.012583912,-0.004766001,0.002372807,0.008880933,0.011781938,0.016479556,0.016862437,0.015560423,0,0,0,0,0,0,0,0,0,0,0,0,0,0,0,0,0,0,0,0,0,0,0,0,0,0,0,0,0,0,0,0,0,0,0,0,0,0,0,0,0,0,0,0,0,0,0,0,0,0,0,0,0,0,0,0,0,0,0,0,0,0,0,0,0,0,0,0,0,0,0,0,0,0,0,0,0,0,0,0,0,0,0,0,0,0,0,0,0,0,0,0,0,0,0,0,0,0,0,0,0,0,0,0,0,0,0,0,0,0,0,0,0,0,0,0,0,0,0,0,0,0,0,0,0,0,0,0,0,0,0,0,0,0,0,0,0,0,0,0,0,0,0,0,0,0,0,0,0,0
21,0,0,0,0,0,0,0,0,0,0,0,0,0,0,0,0,0,0,0,0,0,0,0,0,0,0,0,0,0,0,0,0,0,0,0,0,0,0,0,0,0,0,0,0,0,0,0,0,0,0,0,0,0,0,0,0,0,0,0,0,0,0,0,0,0,0,0,0,0,0,0,0,0,0,0,-0.017688584,-0.022560203,-0.02348337,-0.0253819,-0.026533328,-0.021398338,-0.021961994,-0.025621435,-0.024053438,-0.022750726,-0.016870162,-0.013585436,-0.013071012,-0.013092877,-0.012338073,-0.012474191,-0.012565974,-0.0130503075,-0.01809435,-0.020717567,-0.025074042,-0.024551656,-0.030149454,-0.033322476,-0.034450576,-0.03483942,-0.03505419,-0.035910048,-0.03484596,-0.030773422,-0.029149683,-0.028124321,-0.021506017,-0.019989122,-0.014329123,-0.011881419,-0.012030235,-0.011839231,-0.01642893,-0.017067274,-0.017579297,-0.018375013,-0.019004896,-0.02360461,-0.025485886,-0.024767365,-0.026717281,-0.03289026,-0.03775321,-0.03795987,-0.038342312,-0.038151238,-0.031672973,-0.03257613,-0.032254294,-0.029392004,-0.026110563,-0.023253227,-0.021232922,-0.017601278,-0.0137180975,-0.010988366,-0.010691878,-0.010783754,-0.010640692,-0.010043026,-0.01191571,-0.017571684,-0.018451016,-0.018572789,-0.018983014,-0.020479498,-0.02153776,-0.022137828,-0.021449286,0,0,0,0,0,0,0,0,0,0,0,0,0,0,0,0,0,0,0,0,0,0,0,0,0,0,0,0,0,0,0,0,0,0,0,0,0,0,0,0,0,0,0,0,0,0,0,0,0,0,0,0,0,0,0,0,0,0,0,0,0,0,0,0,0,0,0,0,0,0,0,0,0,0,0
22,0,0,0,0,0,0,0,0,0,0,0,0,0,0,0,0,0,0,0,0,0,0,0,0,0,0,0,0,0,0,0,0,0,0,0,0,0,0,0,0,0,0,0,0,0,0,0,0,0,0,0,0,0,0,0,0,0,0,0,0,0,0,0,0,0,0,0,0,0,0,0,0,0,0,0,0,0,0,0,0,0,0,0,0,0,0,0,0,0,0,0,0,0,0,0,0,0,0,0,0,0,0,0,0,0,0,0,0,0,0,0,0,0,0,0,0,0,0,0,0,0,0,0,0,0,0,0,0,0,0,0,0,0,0,0,0,0,0,0,0,0,0,0,0,0,0,0,0,0,0,0.00029634422,0.0011476579,0.002054828,0.002560229,0.0036153377,0.0035777497,0.003388507,0.0082277395,0.008621095,0.008720943,0.008593554,0.009805309,0.011911058,0.014021565,0.015861481,0.015287012,0.0160873,0.017343355,0.01888989,0.018987041,0.019434141,0.019884551,0.022634124,0.023756947,0.025762161,0.0265777,0.026980901,0.02885159,0.035005663,0.035409138,0.036158413,0.036336526,0.038079742,0.039332155,0.040523715,0.040491443,0.040267188,0.043378804,0.04441593,0.044448793,0.04437233,0.044680458,0.04511665,0.04211641,0.041497048,0.039923567,0.037427817,0.037412398,0.037050556,0.035542786,0.035355967,0.035242073,0.035794556,0.03553122,0.03556217,0.035925925,0.03661175,0.036738873,0.03686816,0.036096923,0.03396609,0.03374449,0.033948008,0.032620855,0.032110795,0.022795271,0.022574486,0.019661576,0.010683656,0.0059949253,0.0058166613,0.0056785983,0.0038853888,0.0005641228,-0.000102938575
23,0,0,0,0,0,0,0,0,0,0,0,0,0,0,0,0,0,0,0,0,0,0,0,0,0,0,0,0,0,0,0,0,0,0,0,0,0,0,0,0,0,0,0,0,0,0,0,0,0,0,0,0,0,0,0,0,0,0,0,0,0,0,0,0,0,0,0,0,0,0,0,0,0,0,0,0,0,0,0,0,0,0,0,0,0,0,0,0,0,0,0,0,0,0,0,0,0,0,0,0,0,0,0,0,0,0,0,0,0,0,0,0,0,0,0,0,0,0,0,0,0,0,0,0,0,0,0,0,0,0,0,0,0,0,0,0,0,0,0,0,0,0,0,0,0,0,0,0,0,0,-0.034266897,-0.034617823,-0.036014594,-0.037650254,-0.040358946,-0.041000724,-0.041665066,-0.041786723,-0.04160798,-0.04304911,-0.04195515,-0.040363282,-0.040134337,-0.040234134,-0.0403749,-0.04022966,-0.040060375,-0.04018144,-0.041667428,-0.0418854,-0.04194107,-0.041148175,-0.041005846,-0.041067515,-0.038712963,-0.03807428,-0.034811094,-0.03428675,-0.031764988,-0.028149378,-0.026833361,-0.017441276,-0.015767515,-0.015124168,-0.00869743,-0.004972255,0.004569757,0.0063036913,0.007892703,0.013962968,0.02112063,0.026487747,0.027411355,0.02957773,0.03432725,0.038732767,0.039624386,0.039892714,0.040598582,0.041062377,0.044233005,0.04210117,0.0419352,0.04080475,0.04093793,0.0410384,0.041587226,0.041049615,0.041434716,0.04241793,0.04139406,0.04134663,0.04228192,0.041097593,0.041713342,0.041893102,0.042522825,0.04092283,0.04108987,0.040590685,0.040424764,0.032279406,0.025902007,0.021924216,0.020765118
24,-0.00684727,-0.007070008,-0.0065679476,-0.006894457,-0.007054313,-0.009403051,-0.011448,-0.013462849,-0.014631726,-0.018057425,-0.018485371,-0.02077594,-0.021907544,-0.022909757,-0.025727076,-0.023290021,-0.022635572,-0.022178141,-0.02229153,-0.022207452,-0.022390546,-0.02194904,-0.021615334,-0.020790609,-0.020871166,-0.017874874,-0.016169544,-0.015687728,-0.012946151,-0.012023225,-0.010700286,-0.011245516,-0.010132089,-0.0060642413,-0.00495811,-0.004088416,-0.003531944,-0.0016295032,-0.0015071395,0.004922471,0.0052331192,0.007949744,0.008225676,0.008190332,0.01693448,0.017481335,0.01792906,0.02010425,0.022144796,0.02423964,0.025056582,0.026159992,0.026189657,0.02809747,0.027748566,0.02872596,0.02777593,0.027390886,0.027772516,0.027764631,0.027108174,0.024798812,0.024446802,0.024071233,0.023612274,0.017815994,0.016612643,0.015068895,0.013648341,0.012450257,0.01248445,0.008136163,0.008357866,0.008059062,0.008435034,-0.024706198,-0.024765557,-0.02555924,-0.030668382,-0.033236552,-0.03195541,-0.033100117,-0.035149083,-0.035306163,-0.036321264,-0.03621009,-0.03609924,-0.03858761,-0.038720187,-0.03508384,-0.027685475,-0.021785792,-0.01921916,-0.0065684835,-0.004380003,0.010877682,0.011815275,0.026944024,0.032989632,0.034585185,0.033581603,0.037978392,0.050564256,0.05025861,0.050377995,0.05047185,0.03875637,0.0326028,0.0326828,0.03371012,0.03417203,0.022191718,0.012490625,0.009424287,-0.0058789006,-0.018434701,-0.023956105,-0.028083136,-0.03360421,-0.03709206,-0.034538843,-0.03446954,-0.034580566,-0.034102906,-0.03425064,-0.037875585,-0.036001354,-0.03207576,-0.022681247,-0.019404022,-0.015420539,-0.007110286,0.0051493775,0.012595417,0.01630038,0.019843027,0.023566777,0.031944793,0.034850694,0.03865567,0.040031355,0.041026644,0.042178955,0.042621963,0.03457625,0.034719344,0.037856143,0.036694307,0.036548205,0.02964963,-0.025443034,-0.02571978,-0.025749262,-0.02651924,-0.02714616,-0.026968213,-0.027381446,-0.027823905,-0.027846795,-0.027095584,-0.025248585,-0.023586486,-0.023382705,-0.019643132,-0.018834075,-0.0130482325,-0.009474791,-0.008107728,-0.005969558,-0.0015892003,0.004055921,0.009641889,0.010167635,0.0129422415,0.014618176,0.02122648,0.024142055,0.023356678,0.026151445,0.027290674,0.026079211,0.02530452,0.02523415,0.025585348,0.02718534,0.031013433,0.03291698,0.03465501,0.035956517,0.035347436,0.034363955,0.033489123,0.028457478,0.025715113,0.026000274,0.02613735,0.024413474,0.024108019,0.02401962,0.02325038,0.023079263,0.019911049,0.01638714,0.013254564,0.010569737,0.008618486,0.006894918,0.0018228777,-0.0029821543,-0.0029548167,-0.0057596574,-0.011231399,-0.013753538,-0.015963215,-0.016295683,-0.022773802,-0.023801943,-0.025595114,-0.02582489,-0.028667605,-0.02962815,-0.029859586,-0.026687607,-0.023901613,-0.023722097
25,-0.02354445,-0.027679814,-0.02817768,-0.027775476,-0.028487397,-0.026223987,-0.023004377,-0.013735002,-0.0033702059,0.0067767655,0.013026758,0.022066848,0.029790772,0.038153946,0.045102827,0.047442313,0.04742249,0.039754625,0.035252035,0.02425253,0.013328932,-0.0031155876,-0.01275941,-0.031696677,-0.037836954,-0.04851266,-0.056867007,-0.056618094,-0.054992072,-0.050181177,-0.04113602,-0.037372537,-0.017857805,-0.0029173975,0.012503456,0.030344114,0.036185883,0.04758327,0.06227107,0.06293764,0.062462833,0.045200925,0.04123823,0.034108374,0.017122878,-0.0025176052,-0.013324844,-0.0294694,-0.032828342,-0.040008027,-0.041081868,-0.042242814,-0.039913155,-0.03680227,-0.02875098,-0.020528566,-0.0069120536,0.0052909916,0.015023537,0.023233024,0.024433583,0.031386554,0.031985287,0.031406794,0.028901204,0.020545056,0.016295897,0.004646426,0.00014724581,-0.00792845,-0.011524629,-0.013416432,-0.0148677295,-0.015029521,-0.015298003,0,0,0,0,0,0,0,0,0,0,0,0,0,0,0,0,0,0,0,0,0,0,0,0,0,0,0,0,0,0,0,0,0,0,0,0,0,0,0,0,0,0,0,0,0,0,0,0,0,0,0,0,0,0,0,0,0,0,0,0,0,0,0,0,0,0,0,0,0,0,0,0,0,0,0,0,0,0,0,0,0,0,0,0,0,0,0,0,0,0,0,0,0,0,0,0,0,0,0,0,0,0,0,0,0,0,0,0,0,0,0,0,0,0,0,0,0,0,0,0,0,0,0,0,0,0,0,0,0,0,0,0,0,0,0,0,0,0,0,0,0,0,0,0,0,0,0,0,0,0
26,0,0,0,0,0,0,0,0,0,0,0,0,0,0,0,0,0,0,0,0,0,0,0,0,0,0,0,0,0,0,0,0,0,0,0,0,0,0,0,0,0,0,0,0,0,0,0,0,0,0,0,0,0,0,0,0,0,0,0,0,0,0,0,0,0,0,0,0,0,0,0,0,0,0,0,-0.017093755,-0.017993083,-0.021510135,-0.02173324,-0.028373364,-0.028040519,-0.027935108,-0.026293874,-0.022109518,-0.016188407,-0.012612599,0.0031999177,0.014526639,0.017631972,0.02436932,0.034294024,0.035507947,0.037742358,0.037127472,0.03558671,0.024153942,0.025885452,0.02250545,0.009227601,-0.0013584627,-0.0107230665,-0.019161481,-0.025784312,-0.037134502,-0.03916585,-0.040193178,-0.04073839,-0.043740336,-0.036994115,-0.035046067,-0.037534755,-0.02780571,-0.012598973,-0.0030422544,0.0065318244,0.015247096,0.030299261,0.036117658,0.036079753,0.038303163,0.038622767,0.037519783,0.03667841,0.032445163,0.022677178,0.01991489,0.0052490593,-0.0031894052,-0.014578908,-0.029873835,-0.030529603,-0.030764835,-0.036969505,-0.03586713,-0.035697713,-0.027428254,-0.024017608,-0.015287116,-0.008721803,-0.0077340784,0.005587066,0.015398728,0.016179577,0.016181417,0.016070003,0.016086577,0.016064666,0.015195718,0.012307617,0.01143765,0.016613897,0.016814865,0.017662052,0.0203605,0.025905695,0.02594483,0.025592843,0.024049347,0.023661837,0.0142821055,0.009715562,0.0012186173,-0.00816553,-0.021838244,-0.024768166,-0.033837076,-0.038325526,-0.03814019,-0.03418365,-0.030767336,-0.026437994,-0.022714932,-0.02352185,-0.01878215,-0.0036580232,0.006232099,0.01397013,0.023941342,0.033227533,0.03839203,0.037328325,0.04023248,0.045943137,0.03722077,0.032484762,0.03306148,0.023938024,0.008518395,-0.002071548,-0.010585361,-0.02420898,-0.032998618,-0.036920056,-0.040559873,-0.041043766,-0.0410823,-0.039930865,-0.036309794,-0.038059093,-0.030789986,-0.01511666,-0.006452724,0.0010584209,0.016006716,0.028645102,0.034651358,0.036692843,0.036670312,0.03637181,0.03467089,0.031898573,0.02345916,0.010931259,0.010572338,0.006533784,-0.0042617167,-0.011688347,-0.014368927,-0.014536229,-0.015212455,-0.016046293,-0.016019572,-0.015769076,-0.013915467,-0.013367905
27,0.0063006724,0.008962416,0.0122393165,0.016755303,0.019515576,0.019436242,0.019707786,0.019683296,0.01882003,0.016728913,0.008471967,0.003646729,-0.002903245,-0.008813995,-0.020664424,-0.03000756,-0.03434357,-0.037516568,-0.03819016,-0.036640074,-0.036409356,-0.033528265,-0.028746085,-0.016041515,-0.007767267,0.0014247937,0.01404075,0.026152708,0.037978057,0.044505745,0.04630363,0.053471908,0.05361016,0.05358618,0.04559695,0.030228192,0.02491127,0.014133131,0.0016643562,-0.015939035,-0.033171758,-0.038668007,-0.047871843,-0.056707703,-0.061549444,-0.061130837,-0.05555059,-0.046003718,-0.03809061,-0.032168895,-0.019286,-0.0012139499,0.013879037,0.027606169,0.034113385,0.04360694,0.047624636,0.049361523,0.048866723,0.043090444,0.038853116,0.03555318,0.027411412,0.011822495,0.001674841,-0.011371007,-0.014815833,-0.01642324,-0.026292477,-0.031189566,-0.030051237,-0.026448997,-0.023261104,-0.022193823,-0.021398032,0,0,0,0,0,0,0,0,0,0,0,0,0,0,0,0,0,0,0,0,0,0,0,0,0,0,0,0,0,0,0,0,0,0,0,0,0,0,0,0,0,0,0,0,0,0,0,0,0,0,0,0,0,0,0,0,0,0,0,0,0,0,0,0,0,0,0,0,0,0,0,0,0,0,0,0,0,0,0,0,0,0,0,0,0,0,0,0,0,0,0,0,0,0,0,0,0,0,0,0,0,0,0,0,0,0,0,0,0,0,0,0,0,0,0,0,0,0,0,0,0,0,0,0,0,0,0,0,0,0,0,0,0,0,0,0,0,0,0,0,0,0,0,0,0,0,0,0,0,0
28,-0.04289086,-0.04415078,-0.04124238,-0.0347407,-0.0313528,-0.028449958,-0.02838881,-0.019782582,-0.018083228,-0.012328338,-0.005441312,-0.00098751,0.0023460838,0.004560215,0.0111649735,0.0131008355,0.01909485,0.024228517,0.03435332,0.034221858,0.034841638,0.037093636,0.035611514,0.035490952,-0.0048080524,-0.04343073,-0.045765933,-0.045194395,-0.037159637,-0.03988038,-0.0388051,-0.031363398,-0.023535956,-0.020142091,-0.018379703,-0.01508408,-0.008324909,-0.0013669896,0.0045859725,0.004780913,0.012251106,0.01851213,0.020774266,0.029336818,0.03389113,0.03901036,0.040946916,0.03962776,0.037013367,-0.0037569618,-0.045693886,-0.04728,-0.04286105,-0.036720272,-0.037540212,-0.03668048,-0.033477377,-0.026009206,-0.019086933,-0.018106347,-0.017481958,-0.0055492776,0.0026903516,0.003878279,0.009821622,0.016695712,0.02152302,0.030543532,0.033272278,0.035436127,0.036395088,0.04178109,0.04560035,0.04461479,0.022911536,0,0,0,0,0,0,0,0,0,0,0,0,0,0,0,0,0,0,0,0,0,0,0,0,0,0,0,0,0,0,0,0,0,0,0,0,0,0,0,0,0,0,0,0,0,0,0,0,0,0,0,0,0,0,0,0,0,0,0,0,0,0,0,0,0,0,0,0,0,0,0,0,0,0,0,0,0,0,0,0,0,0,0,0,0,0,0,0,0,0,0,0,0,0,0,0,0,0,0,0,0,0,0,0,0,0,0,0,0,0,0,0,0,0,0,0,0,0,0,0,0,0,0,0,0,0,0,0,0,0,0,0,0,0,0,0,0,0,0,0,0,0,0,0,0,0,0,0,0,0
29,0,0,0,0,0,0,0,0,0,0,0,0,0,0,0,0,0,0,0,0,0,0,0,0,0,0,0,0,0,0,0,0,0,0,0,0,0,0,0,0,0,0,0,0,0,0,0,0,0,0,0,0,0,0,0,0,0,0,0,0,0,0,0,0,0,0,0,0,0,0,0,0,0,0,0,0.014689195,0.015119578,0.015622961,0.018522775,0.018860443,0.018927343,0.021706078,0.021909092,0.025088849,0.025184145,0.02610595,0.027965054,0.02921935,0.03255719,0.03462734,0.035196263,0.036473185,0.038899586,0.035710946,0.035176035,0.03429493,0.036857665,0.038345367,0.04005176,0.040075123,0.040055495,0.040442493,0.039718784,0.04071725,0.040691443,0.04088754,0.042171877,0.04218979,0.042981386,0.043155618,0.043124527,0.044933215,0.0442915,0.039584283,0.03948615,0.036974728,0.036678344,0.036857925,0.03650798,0.03653703,0.036914777,0.036380637,0.036367238,0.03580408,0.034578316,0.03451772,0.03401533,0.03327316,0.032835025,0.033489205,0.036840204,0.037518255,0.03740533,0.036836658,0.037194964,0.03710945,0.036968894,0.03681985,0.03662483,0.036526114,0.036348287,0.03581221,0.034984507,0.032646272,0.032728374,0.033297054,0.033969875,0.0341552,0.027945314,0.027368117,-0.01793666,-0.01791546,-0.017644478,-0.017682603,-0.018921841,-0.0197145,-0.020740941,-0.02528272,-0.027061861,-0.027668249,-0.027913045,-0.029193483,-0.029441588,-0.031385567,-0.03383256,-0.034182083,-0.03505883,-0.036540672,-0.035464652,-0.035091307,-0.035725527,-0.035936754,-0.03673065,-0.038740948,-0.03959917,-0.039345946,-0.04116013,-0.04171376,-0.042121507,-0.043834068,-0.04396051,-0.044141315,-0.04376159,-0.045003228,-0.045127172,-0.04504674,-0.044646528,-0.044564046,-0.044922378,-0.041700896,-0.03989709,-0.03367513,-0.034422457,-0.03440676,-0.03300155,-0.032050196,-0.0320673,-0.032391176,-0.0322205,-0.030400397,-0.030184837,-0.03048368,-0.030472342,-0.031655896,-0.032405693,-0.033042,-0.03391134,-0.03392798,-0.03436389,-0.03378746,-0.033807963,-0.03407871,-0.033509333,-0.034892555,-0.034343638,-0.033685166,-0.03353159,-0.033354014,-0.03300618,-0.03219246,-0.03213491,-0.032013055,-0.030768855,-0.03073786,-0.03018222
30,-0.0038502736,-0.002721282,-0.002460395,-0.0051066303,-0.005053266,-0.0057418817,-0.008055551,-0.008870545,-0.010547208,-0.010992443,-0.010769505,-0.013674042,-0.014904215,-0.016160633,-0.016562182,-0.016557638,-0.016493702,-0.017481338,-0.017267121,-0.017782778,-0.018442422,-0.018755456,-0.019882793,-0.021637011,-0.021670382,-0.021777833,-0.024472782,-0.027463686,-0.028019147,-0.03069835,-0.031088274,-0.03386002,-0.037359197,-0.03868197,-0.038813416,-0.039641127,-0.039949365,-0.040730093,-0.041342124,-0.041524272,-0.041117508,-0.041558705,-0.04110757,-0.041076057,-0.040992502,-0.038266074,-0.037465543,-0.038109217,-0.03771858,-0.035145104,-0.035527326,-0.036435984,-0.037954506,-0.037961483,-0.037845302,-0.038736254,-0.03934251,-0.040101897,-0.0403633,-0.039843187,-0.041962415,-0.04165604,-0.04054788,-0.039619077,-0.039242085,-0.034756552,-0.034604616,-0.030925479,-0.0228674,-0.017918387,-0.012957822,-0.009642981,-0.009167466,-0.00495453,-0.0048029446,0,0,0,0,0,0,0,0,0,0,0,0,0,0,0,0,0,0,0,0,0,0,0,0,0,0,0,0,0,0,0,0,0,0,0,0,0,0,0,0,0,0,0,0,0,0,0,0,0,0,0,0,0,0,0,0,0,0,0,0,0,0,0,0,0,0,0,0,0,0,0,0,0,0,0,0,0,0,0,0,0,0,0,0,0,0,0,0,0,0,0,0,0,0,0,0,0,0,0,0,0,0,0,0,0,0,0,0,0,0,0,0,0,0,0,0,0,0,0,0,0,0,0,0,0,0,0,0,0,0,0,0,0,0,0,0,0,0,0,0,0,0,0,0,0,0,0,0,0,0
31,0.029480979,0.033472877,0.03877765,0.038901754,0.039239183,0.03887658,0.03813302,0.03951591,0.040342964,0.03889359,0.038625736,0.037379954,0.037055045,-0.011716053,-0.038844015,-0.039216645,-0.039204378,-0.039910387,-0.03998861,-0.039722383,-0.039649244,-0.039804656,-0.039836265,-0.040101714,-0.03996531,0.010439029,0.03852924,0.0380445,0.03973299,0.039822396,0.040419236,0.040302668,0.040134918,0.040168095,0.040265523,0.03953207,0.039468624,0.03930363,-0.012919354,-0.039063018,-0.039181776,-0.03993822,-0.0393685,-0.03931791,-0.03933008,-0.039503194,-0.039593723,-0.039235856,-0.038863115,-0.03771229,0.010212083,0.03851953,0.03860967,0.03844246,0.04010608,0.03994122,0.040077906,0.040076375,0.039948523,0.039253216,0.038913947,0.03789063,0.038476903,-0.006885002,-0.032646224,-0.038960386,-0.040015604,-0.040087283,-0.039987583,-0.03874657,-0.038594656,-0.038595986,-0.038525887,-0.03873899,-0.038695246,0,0,0,0,0,0,0,0,0,0,0,0,0,0,0,0,0,0,0,0,0,0,0,0,0,0,0,0,0,0,0,0,0,0,0,0,0,0,0,0,0,0,0,0,0,0,0,0,0,0,0,0,0,0,0,0,0,0,0,0,0,0,0,0,0,0,0,0,0,0,0,0,0,0,0,0.02740877,0.036257267,0.03492239,0.035321526,0.03660491,0.037604336,0.03793746,0.037771944,0.03636394,0.03607032,0.03602761,0.036021847,0.036496617,-0.015963286,-0.03724887,-0.037997954,-0.038506344,-0.038766593,-0.038408816,-0.039243046,-0.039431266,-0.039650176,-0.038947493,-0.03923189,-0.03730155,0.004541476,0.038582083,0.039913625,0.0397368,0.039134096,0.0391738,0.039568454,0.03996134,0.03982392,0.038910087,0.03920939,0.039125133,0.038650647,-0.012636507,-0.038570706,-0.039078865,-0.0398968,-0.03992986,-0.039873257,-0.039722327,-0.039212793,-0.040204737,-0.040467728,-0.040461384,-0.039381087,0.009995949,0.0389496,0.03992948,0.039868288,0.039917927,0.04039954,0.040215258,0.039804954,0.03984802,0.038858783,0.038769335,0.038220353,0.034062356,-0.011845394,-0.036317796,-0.03761117,-0.03754002,-0.039651398,-0.039652336,-0.039956618,-0.040050928,-0.03957452,-0.039525162,-0.039949887,-0.04046303
32,0,0,0,0,0,0,0,0,0,0,0,0,0,0,0,0,0,0,0,0,0,0,0,0,0,0,0,0,0,0,0,0,0,0,0,0,0,0,0,0,0,0,0,0,0,0,0,0,0,0,0,0,0,0,0,0,0,0,0,0,0,0,0,0,0,0,0,0,0,0,0,0,0,0,0,0.029339332,0.031546798,0.035430357,0.040866878,0.041014213,0.041299086,0.04141296,0.041865714,0.03987673,0.039877497,0.04010769,0.040031776,0.040062044,0.040421553,0.039365448,0.039565884,0.039356764,0.039389238,0.039803308,0.03920563,0.037940852,0.03747529,0.038528055,0.03866275,0.03879343,0.040856954,0.041426785,0.04341713,0.043582052,0.04049741,0.041970894,0.039186157,0.038252,0.031380113,0.027561773,0.014897373,0.0027122695,-0.011903799,-0.02390149,-0.030578237,-0.033823624,-0.039023977,-0.04000998,-0.04007776,-0.039822932,-0.039539404,-0.039755262,-0.040065084,-0.040020328,-0.039958686,-0.039688878,-0.039831962,-0.039694823,-0.04019625,-0.0404892,-0.03953606,-0.039583173,-0.03919719,-0.039372046,-0.039888237,-0.040092666,-0.040133018,-0.039470322,-0.038745187,-0.040608935,-0.04064279,-0.040233124,-0.04001186,-0.039786592,-0.03675391,-0.035211064,-0.032968163,-0.02780757,-0.021423986,-0.019505294,-0.0332739,-0.033306804,-0.033183564,-0.036941912,-0.039171472,-0.03909916,-0.038839836,-0.039738536,-0.039512027,-0.03920247,-0.03874693,-0.03959087,-0.03877653,-0.039180428,-0.03915395,-0.039352108,-0.039013807,-0.038975168,-0.039127465,-0.03902584,-0.039041337,-0.039501503,-0.040061597,-0.04005576,-0.03997047,-0.040203787,-0.039537005,-0.036540475,-0.033263408,-0.031495802,-0.02735331,-0.022310955,-0.021927418,-0.019847808,-0.01678664,-0.012049249,-0.0012643909,-0.0014524607,-0.0013059234,0.0027588464,0.013557591,0.019490434,0.019461287,0.019777961,0.023552755,0.027601564,0.030571915,0.031718295,0.03484203,0.036133036,0.03851832,0.039277554,0.039689943,0.039844636,0.039743595,0.04032537,0.04020662,0.040186353,0.039348047,0.039424762,0.04025826,0.04025351,0.04062833,0.039968647,0.04158266,0.04299069,0.042029303,0.04109116,0.040349368,0.040062506,0.039705228,0.038482025,0.03390658,0.026309403,0.026001781
33,-0.035586387,-0.035527647,-0.035790477,-0.035955932,-0.03531601,-0.03560815,-0.034942813,-0.03354614,-0.031043416,-0.029906936,-0.028569248,-0.02734169,-0.02719383,-0.025712818,-0.025277205,-0.024847122,-0.02202991,-0.021569848,-0.01934538,-0.017994534,-0.018290527,-0.015721379,-0.014971024,-0.01587343,-0.014302236,-0.0134265,-0.012206686,-0.012010279,-0.011385537,-0.010947508,-0.010593774,-0.010569634,-0.007603453,-0.007653928,-0.0072051887,-0.0072055943,-0.005182862,-0.0030158404,-0.0024924004,-0.0004455107,-0.00037616512,0.0018715664,0.0032941382,0.0041862703,0.0044448646,0.009664079,0.009540597,0.009912914,0.010567006,0.010741525,0.011728065,0.018983306,0.019427001,0.02044001,0.02157107,0.021612942,0.022062335,0.024763018,0.02455328,0.024696141,0.026726952,0.02843372,0.028951893,0.029596416,0.030449055,0.032724954,0.03415002,0.034393612,0.03454073,0.03455411,0.035625685,0.035746835,0.035181064,0.033887744,0.032554124,0.033354454,0.037799828,0.038589597,0.03954776,0.03897676,0.039276853,0.03956839,0.040478133,0.03974228,0.039410144,0.039234176,0.03911139,0.03898977,0.037202924,0.037164748,0.03818161,0.03781501,0.038707826,0.038382273,0.03984056,0.03999478,0.0400089,0.03977642,0.040129445,0.040033203,0.039121393,0.039777827,0.03972314,0.03950934,0.039704826,0.040518586,0.041322164,0.04072748,0.038868204,0.037220497,0.03590984,0.011831383,-0.017503375,-0.04141764,-0.039742325,-0.04011369,-0.03994985,-0.04006817,-0.040324163,-0.03968283,-0.039080583,-0.038250685,-0.038244594,-0.040144596,-0.040015806,-0.039877255,-0.039824177,-0.037944242,-0.037706237,-0.03728391,-0.03727934,-0.03760255,-0.038477093,-0.039003335,-0.040390126,-0.039132096,-0.039566807,-0.039330803,-0.038694035,-0.039587002,-0.039662793,-0.04018955,-0.039120562,-0.038866494,-0.039433528,-0.039244972,-0.039846115,-0.040739123,-0.029314922,-0.021863969,-0.03392001,-0.03751493,-0.039803877,-0.03993729,-0.03985415,-0.039467584,-0.040105276,-0.039331682,-0.039874848,-0.039580066,-0.040027875,-0.0399911,-0.039892886,-0.04004336,-0.03997095,-0.03977832,-0.039704237,-0.03981781,-0.039763317,-0.039863043,-0.039725438,-0.039422084,-0.039197847,-0.038859908,-0.038890556,-0.038326446,-0.038022358,-0.03594666,-0.031220388,-0.029946938,-0.029844737,-0.025284095,-0.022636466,-0.01585323,-0.009852921,-0.009919592,-0.006890787,-0.004285637,0.0035557216,0.011738036,0.013848579,0.01854188,0.019004332,0.025475051,0.029804979,0.03220563,0.03236717,0.03444632,0.03608001,0.036440767,0.036097415,0.03768782,0.039288286,0.04001836,0.04012786,0.040068544,0.039549448,0.03971245,0.039887648,0.03889429,0.03861881,0.03908755,0.040167555,0.03995718,0.039862562,0.04050497,0.03981583,0.03971806,0.039460074,0.039596036,0.038528863,0.036380988,0.036477175,0.036180727,0.030990658
34,0.027095182,0.028474303,0.03223823,0.035730682,0.037126508,0.03878063,0.038957182,0.038828496,0.038659558,0.04069945,0.040696938,0.040386844,0.040293533,0.039914053,0.040108927,0.039908372,0.039918076,0.039567824,0.039590616,0.040157594,0.040557325,0.04150175,0.04135861,0.041556187,0.041483633,0.041243464,0.04239626,0.04158162,0.0414327,0.04198663,0.041338332,0.041251183,0.041462153,0.042708836,0.043945495,0.04397833,0.044299778,0.041494917,0.041513283,0.041203786,0.041506335,0.04127735,0.041152902,0.0406667,0.043487236,0.04164087,0.040962406,0.04134899,0.043203495,0.04383811,0.04310131,0.04153588,0.041731622,0.042752687,0.047863673,0.04857103,0.04861914,0.047841914,0.049348533,0.050684944,0.05073692,0.051445264,0.051862005,0.052967995,0.05359592,0.0532401,0.051069733,0.05108392,0.05084886,0.049377244,0.04476505,0.037938535,0.03805494,0.038532574,0.035116527,0,0,0,0,0,0,0,0,0,0,0,0,0,0,0,0,0,0,0,0,0,0,0,0,0,0,0,0,0,0,0,0,0,0,0,0,0,0,0,0,0,0,0,0,0,0,0,0,0,0,0,0,0,0,0,0,0,0,0,0,0,0,0,0,0,0,0,0,0,0,0,0,0,0,0,0,0,0,0,0,0,0,0,0,0,0,0,0,0,0,0,0,0,0,0,0,0,0,0,0,0,0,0,0,0,0,0,0,0,0,0,0,0,0,0,0,0,0,0,0,0,0,0,0,0,0,0,0,0,0,0,0,0,0,0,0,0,0,0,0,0,0,0,0,0,0,0,0,0,0
35,0,0,0,0,0,0,0,0,0,0,0,0,0,0,0,0,0,0,0,0,0,0,0,0,0,0,0,0,0,0,0,0,0,0,0,0,0,0,0,0,0,0,0,0,0,0,0,0,0,0,0,0,0,0,0,0,0,0,0,0,0,0,0,0,0,0,0,0,0,0,0,0,0,0,0,0.025784811,0.026206588,0.028178353,0.028773418,0.030168291,0.03028346,0.031309653,0.03126442,0.032342374,0.03530144,0.035786804,0.037679825,0.03985977,0.039761122,0.040856812,0.041137367,0.041250948,0.04052256,0.04082082,0.04067921,0.03992105,0.03986628,0.039269313,0.042098064,0.04232312,0.042464133,0.041247997,0.040823236,0.0404437,0.041267168,0.040230736,0.04067492,0.040597923,0.04118089,0.040834475,0.040795088,0.041005366,0.04070653,0.04110891,0.040712867,0.040455047,0.040410675,0.04123616,0.040584963,0.040199663,0.04104098,0.041293517,0.04168628,0.040539723,0.04080261,0.041638207,0.042210177,0.04165077,0.040530067,0.03830471,0.037807688,0.036724668,0.036668908,0.036703777,0.036648385,0.038572334,0.039395027,0.039379824,0.039365966,0.040064428,0.039873842,0.039614465,0.040294982,0.04066148,0.040796008,0.03904159,0.038921002,0.038944844,0.036741402,0.035285242,-0.025414316,-0.026830664,-0.028721519,-0.030380545,-0.030286185,-0.03329077,-0.03258421,-0.03208034,-0.032471724,-0.032363083,-0.037914574,-0.038242508,-0.038589317,-0.03846078,-0.038737226,-0.038623992,-0.038545102,-0.037664138,-0.03700355,-0.03641725,-0.03658009,-0.036428705,-0.0357396,-0.03710177,-0.036700115,-0.03707142,-0.03680393,-0.036611527,-0.03649504,-0.03790866,-0.039480038,-0.03970641,-0.039662857,-0.039331723,-0.038812805,-0.03871569,-0.03875499,-0.039805144,-0.04000965,-0.04074473,-0.04089631,-0.041299466,-0.04289802,-0.04218104,-0.041599296,-0.041496836,-0.041904055,-0.04170483,-0.04172536,-0.04239078,-0.042560864,-0.04242849,-0.042679075,-0.04182302,-0.041881017,-0.04096806,-0.04061223,-0.040530372,-0.040212993,-0.041287094,-0.04117706,-0.04152641,-0.041553658,-0.041522875,-0.041455377,-0.040970147,-0.040856108,-0.040996525,-0.04064189,-0.040509023,-0.04056971,-0.040243924,-0.03848097,-0.036807075,-0.03565043
36,-0.03291135,-0.03542902,-0.037386704,-0.03739501,-0.040118907,-0.03937737,-0.040243577,-0.04022142,-0.039879657,-0.039819606,-0.039750386,-0.039639086,-0.03962348,-0.03967549,-0.039844986,-0.040088177,-0.04006926,-0.039835457,-0.039600953,-0.039533492,-0.03959888,-0.03967581,-0.03962941,-0.03986649,-0.03998221,-0.04018647,-0.039947502,-0.039510168,-0.039005816,-0.040318478,-0.040318944,-0.040115308,-0.040093187,-0.04003889,-0.04016223,-0.039881423,-0.039762367,-0.039289955,-0.03975975,-0.0413635,-0.042290565,-0.04252005,-0.0424776,-0.04228556,-0.042108197,-0.041794837,-0.041748554,-0.041635975,-0.04152754,-0.04113477,-0.040524334,-0.040356953,-0.040392715,-0.040913004,-0.041466706,-0.041275702,-0.041469432,-0.041123603,-0.040376592,-0.040540267,-0.041453972,-0.041273873,-0.039957598,-0.040629152,-0.04088808,-0.041180078,-0.04105565,-0.04090878,-0.041350894,-0.040446762,-0.04040522,-0.040482692,-0.032010287,-0.029307937,-0.027458452,0,0,0,0,0,0,0,0,0,0,0,0,0,0,0,0,0,0,0,0,0,0,0,0,0,0,0,0,0,0,0,0,0,0,0,0,0,0,0,0,0,0,0,0,0,0,0,0,0,0,0,0,0,0,0,0,0,0,0,0,0,0,0,0,0,0,0,0,0,0,0,0,0,0,0,0,0,0,0,0,0,0,0,0,0,0,0,0,0,0,0,0,0,0,0,0,0,0,0,0,0,0,0,0,0,0,0,0,0,0,0,0,0,0,0,0,0,0,0,0,0,0,0,0,0,0,0,0,0,0,0,0,0,0,0,0,0,0,0,0,0,0,0,0,0,0,0,0,0,0
37,0,0,0,0,0,0,0,0,0,0,0,0,0,0,0,0,0,0,0,0,0,0,0,0,0,0,0,0,0,0,0,0,0,0,0,0,0,0,0,0,0,0,0,0,0,0,0,0,0,0,0,0,0,0,0,0,0,0,0,0,0,0,0,0,0,0,0,0,0,0,0,0,0,0,0,0,0,0,0,0,0,0,0,0,0,0,0,0,0,0,0,0,0,0,0,0,0,0,0,0,0,0,0,0,0,0,0,0,0,0,0,0,0,0,0,0,0,0,0,0,0,0,0,0,0,0,0,0,0,0,0,0,0,0,0,0,0,0,0,0,0,0,0,0,0,0,0,0,0,0,0,0,0,0,0,0,0,0,0,0,0,0,0,0,0,0,0,0,0,0,0,0,0,0,0,0,0,0,0,0,0,0,0,0,0,0,0,0,0,0,0,0,0,0,0,0,0,0,0,0,0,0,0,0,0,0,0,0,0,0,0,0,0,0,0,0,0,0,0,0,0,0,0,0,0
38,0,0,0,0,0,0,0,0,0,0,0,0,0,0,0,0,0,0,0,0,0,0,0,0,0,0,0,0,0,0,0,0,0,0,0,0,0,0,0,0,0,0,0,0,0,0,0,0,0,0,0,0,0,0,0,0,0,0,0,0,0,0,0,0,0,0,0,0,0,0,0,0,0,0,0,-0.004167211,-0.0052906997,-0.0076262155,-0.009524415,-0.016782228,-0.01866043,-0.019038917,-0.019890284,-0.01945842,-0.020057961,-0.018291844,-0.011772468,-0.009073634,0.0009223845,0.0051928703,0.006161175,0.014977232,0.019751411,0.024586933,0.024754345,0.02473353,0.024760265,0.024361879,0.021069642,0.011940392,0.0038723499,-0.0023690742,-0.00841796,-0.01876223,-0.02572104,-0.034101307,-0.036839798,-0.03839889,-0.039574806,-0.039322063,-0.03796613,-0.036427416,-0.024269586,-0.011346002,-0.0018762157,0.008291924,0.024850132,0.031423658,0.038020026,0.041542802,0.04157622,0.04112056,0.040785514,0.037656408,0.032264892,0.020958414,0.014250435,0.007390905,-0.006150668,-0.015735585,-0.023838213,-0.03174108,-0.03301392,-0.034159508,-0.034544725,-0.035267502,-0.031732783,-0.021022284,-0.015285941,-0.0070578065,-0.00025919522,0.0130830435,0.020695643,0.026970897,0.031554826,0.034096215,0.034692433,0.034640342,0.034542322,0.028472124,0,0,0,0,0,0,0,0,0,0,0,0,0,0,0,0,0,0,0,0,0,0,0,0,0,0,0,0,0,0,0,0,0,0,0,0,0,0,0,0,0,0,0,0,0,0,0,0,0,0,0,0,0,0,0,0,0,0,0,0,0,0,0,0,0,0,0,0,0,0,0,0,0,0,0
39,0,0,0,0,0,0,0,0,0,0,0,0,0,0,0,0,0,0,0,0,0,0,0,0,0,0,0,0,0,0,0,0,0,0,0,0,0,0,0,0,0,0,0,0,0,0,0,0,0,0,0,0,0,0,0,0,0,0,0,0,0,0,0,0,0,0,0,0,0,0,0,0,0,0,0,-0.0027171443,-0.0027229441,-0.0025456992,-0.0029501638,-0.0025766885,-0.0020607568,-0.0025794045,-0.0027895388,-0.0028058575,-0.00151601,-0.0014941025,-0.0023130218,-0.0023229562,-0.0025713518,-0.0021219398,-0.0027212554,-0.0043451707,-0.0056520333,-0.0057381405,-0.0056744083,-0.0052493094,-0.008581764,-0.009249429,-0.009268743,-0.01090786,-0.011156647,-0.018039424,-0.018349523,-0.020134246,-0.02347265,-0.023355855,-0.030805856,-0.031771965,-0.03319845,-0.034946363,-0.03603293,-0.037824742,-0.040037584,-0.040359613,-0.040286314,-0.04301611,-0.04494408,-0.04578397,-0.045122504,-0.04484419,-0.046571363,-0.051623326,-0.04971007,-0.049319874,-0.04857874,-0.047038995,-0.047048606,-0.042605504,-0.038199417,-0.038529593,-0.03843974,-0.034373403,-0.032862686,-0.028730862,-0.029601661,-0.03138285,-0.02672488,-0.023946311,-0.01710908,-0.01678923,-0.016660176,-0.014229925,-0.011067477,-0.010718331,-0.010133379,-0.010084396,-0.006855553,-0.004108516,-0.002774955,-0.0014246367,0,0,0,0,0,0,0,0,0,0,0,0,0,0,0,0,0,0,0,0,0,0,0,0,0,0,0,0,0,0,0,0,0,0,0,0,0,0,0,0,0,0,0,0,0,0,0,0,0,0,0,0,0,0,0,0,0,0,0,0,0,0,0,0,0,0,0,0,0,0,0,0,0,0,0
40,-0.008041868,-0.01043506,-0.010098877,-0.008556875,-0.009565688,-0.012265511,-0.012961189,-0.012941364,-0.014424872,-0.017026918,-0.018038018,-0.0195568,-0.021041906,-0.022187501,-0.022214388,-0.022607353,-0.022769187,-0.025305413,-0.02523454,-0.030154558,-0.030863708,-0.031222558,-0.03366116,-0.035625912,-0.035608415,-0.037324935,-0.036815114,-0.037303504,-0.038849916,-0.039937396,-0.040023368,-0.041321088,-0.04075311,-0.04142654,-0.039497692,-0.039815526,-0.040351517,-0.039239217,-0.039253764,-0.03882413,-0.039273467,-0.039346408,-0.03825217,-0.039586104,-0.03885492,-0.03901883,-0.03852557,-0.03837857,-0.038038015,-0.037247837,-0.03816289,-0.038778085,-0.040269002,-0.03557979,-0.03494208,-0.035201356,-0.035397507,-0.03194054,-0.03160413,-0.030084759,-0.029822351,-0.028368238,-0.025858495,-0.024199834,-0.02296443,-0.023201698,-0.020475853,-0.017765572,-0.01774179,-0.016817966,-0.016142761,-0.012863171,-0.012970412,-0.012107587,-0.011964958,0,0,0,0,0,0,0,0,0,0,0,0,0,0,0,0,0,0,0,0,0,0,0,0,0,0,0,0,0,0,0,0,0,0,0,0,0,0,0,0,0,0,0,0,0,0,0,0,0,0,0,0,0,0,0,0,0,0,0,0,0,0,0,0,0,0,0,0,0,0,0,0,0,0,0,0,0,0,0,0,0,0,0,0,0,0,0,0,0,0,0,0,0,0,0,0,0,0,0,0,0,0,0,0,0,0,0,0,0,0,0,0,0,0,0,0,0,0,0,0,0,0,0,0,0,0,0,0,0,0,0,0,0,0,0,0,0,0,0,0,0,0,0,0,0,0,0,0,0,0
41,0.008103271,0.00868539,0.00868889,0.009859957,0.010550065,0.011646993,0.01313245,0.015364825,0.0155374585,0.018219637,0.019615259,0.020041712,0.02139596,0.021678818,0.024692059,0.026111478,0.029333413,0.029573603,0.029423123,0.031672228,0.034624517,0.03581684,0.03629123,0.035477605,0.035321455,0.03695143,0.03830082,0.0396966,0.03651703,0.038198456,0.03996086,0.039789278,0.039901037,0.03965078,0.04082071,0.041372243,0.040521417,0.04030602,0.04102209,0.0415145,0.04164174,0.04158556,0.040908966,0.04001168,0.039974578,0.04000039,0.035865508,0.03663157,0.036859985,0.037160553,0.037502296,0.036631167,0.03435991,0.032859024,0.032601405,0.031559452,0.02946101,0.025279058,0.025663164,0.024247512,0.024269776,0.022767726,0.019984378,0.018339168,0.018423935,0.018408727,0.0176435,0.012600891,0.012346865,0.012668583,0.012318941,0.0091342,0.00912971,0.00974779,0.010360648,0,0,0,0,0,0,0,0,0,0,0,0,0,0,0,0,0,0,0,0,0,0,0,0,0,0,0,0,0,0,0,0,0,0,0,0,0,0,0,0,0,0,0,0,0,0,0,0,0,0,0,0,0,0,0,0,0,0,0,0,0,0,0,0,0,0,0,0,0,0,0,0,0,0,0,0,0,0,0,0,0,0,0,0,0,0,0,0,0,0,0,0,0,0,0,0,0,0,0,0,0,0,0,0,0,0,0,0,0,0,0,0,0,0,0,0,0,0,0,0,0,0,0,0,0,0,0,0,0,0,0,0,0,0,0,0,0,0,0,0,0,0,0,0,0,0,0,0,0,0
42,0.013553984,0.014695362,0.015179019,0.01530044,0.017008511,0.017719164,0.018025188,0.017906008,0.018263506,0.019838627,0.022258654,0.02323231,0.02340819,0.023432419,0.024684787,0.025519582,0.025739638,0.025860699,0.02625803,0.026729843,0.028949628,0.029006345,0.029475335,0.029543035,0.032804094,0.034912568,0.03502792,0.03518487,0.036563233,0.03685792,0.03933377,0.03938919,0.040197596,0.040209867,0.040350735,0.040366214,0.039733697,0.039882954,0.040739927,0.040535737,0.04097222,0.040200945,0.040792365,0.04085762,0.040719464,0.040774785,0.040764213,0.040509015,0.040205244,0.04050878,0.039804988,0.03956114,0.039722748,0.040146034,0.040134188,0.040625464,0.04043689,0.040647004,0.04071326,0.04059832,0.03837453,0.037862413,0.037952412,0.038102135,0.038479164,0.03836408,0.038462013,0.036183376,0.03502968,0.034343157,0.0280429,0.019074246,0.016978515,0.0127848005,0.012087292,0,0,0,0,0,0,0,0,0,0,0,0,0,0,0,0,0,0,0,0,0,0,0,0,0,0,0,0,0,0,0,0,0,0,0,0,0,0,0,0,0,0,0,0,0,0,0,0,0,0,0,0,0,0,0,0,0,0,0,0,0,0,0,0,0,0,0,0,0,0,0,0,0,0,0,0,0,0,0,0,0,0,0,0,0,0,0,0,0,0,0,0,0,0,0,0,0,0,0,0,0,0,0,0,0,0,0,0,0,0,0,0,0,0,0,0,0,0,0,0,0,0,0,0,0,0,0,0,0,0,0,0,0,0,0,0,0,0,0,0,0,0,0,0,0,0,0,0,0,0
43,0,0,0,0,0,0,0,0,0,0,0,0,0,0,0,0,0,0,0,0,0,0,0,0,0,0,0,0,0,0,0,0,0,0,0,0,0,0,0,0,0,0,0,0,0,0,0,0,0,0,0,0,0,0,0,0,0,0,0,0,0,0,0,0,0,0,0,0,0,0,0,0,0,0,0,0.010228157,0.0102904355,0.009431328,0.008842675,0.008824848,0.008625404,0.009510967,0.011037475,0.01856893,0.019381912,0.02036058,0.021593405,0.022380307,0.023291564,0.023368299,0.023977408,0.024072314,0.029550105,0.03284496,0.033882823,0.03469681,0.036090206,0.038068388,0.038106263,0.038534615,0.038377825,0.04016646,0.040381633,0.04031347,0.040504493,0.041417025,0.04157255,0.040523775,0.04048036,0.039543055,0.04005556,0.040080555,0.040291723,0.040076654,0.040127374,0.039994694,0.040095586,0.039094083,0.039289284,0.03925675,0.03945448,0.040418018,0.040075727,0.040121894,0.039838403,0.03811984,0.03861194,0.039521255,0.039075844,0.03956712,0.040094286,0.040001467,0.03854666,0.038230103,0.035565306,0.035312258,0.03524004,0.034520026,0.033532437,0.034015544,0.035105642,0.03528358,0.039500713,0.040231086,0.040416595,0.04105335,0.040976413,0.040355958,0.039563738,0.038348068,-0.010936701,-0.011141973,-0.011565471,-0.012290876,-0.016599411,-0.016691647,-0.01767747,-0.018264545,-0.020729197,-0.021844735,-0.0220025,-0.022815587,-0.024161452,-0.026571687,-0.02697863,-0.027155286,-0.028976232,-0.029370008,-0.032915212,-0.03418704,-0.03440347,-0.03773159,-0.037795007,-0.037853353,-0.037912026,-0.038619883,-0.039147135,-0.039386567,-0.039490648,-0.04002122,-0.039746035,-0.040481992,-0.040793248,-0.04087069,-0.04056325,-0.039950237,-0.0392453,-0.039357875,-0.039702315,-0.03943775,-0.039427217,-0.039488275,-0.03887186,-0.03903801,-0.039158758,-0.038996138,-0.038863104,-0.03837484,-0.03887356,-0.039305486,-0.03912111,-0.03834029,-0.03829943,-0.038927913,-0.039594736,-0.039688017,-0.039554518,-0.039655212,-0.03972904,-0.039579388,-0.036688365,-0.036540974,-0.037224457,-0.037317388,-0.037657667,-0.036637817,-0.037923288,-0.039874375,-0.039502293,-0.03997675,-0.039500833,-0.038573656,-0.038837202,-0.03779253,-0.037177313
44,-0.019083088,-0.019246552,-0.019789642,-0.019986913,-0.020147193,-0.020300599,-0.02019906,-0.019538887,-0.020664254,-0.022219604,-0.023554165,-0.023523906,-0.024787486,-0.0262859,-0.028748417,-0.029874092,-0.029999375,-0.031855237,-0.033006005,-0.034504548,-0.035408255,-0.035727344,-0.03613672,-0.036471453,-0.04066264,-0.041014858,-0.0409987,-0.040753245,-0.039807893,-0.040351793,-0.040960137,-0.04072312,-0.040791534,-0.0416418,-0.04160498,-0.040889032,-0.04076581,-0.040521704,-0.040930744,-0.040710617,-0.040206295,-0.04035773,-0.04014768,-0.04064411,-0.039820503,-0.03927232,-0.039322972,-0.03979339,-0.039779734,-0.040089373,-0.040112503,-0.040160213,-0.04031466,-0.04002066,-0.039918248,-0.040115897,-0.039638307,-0.03933031,-0.039183706,-0.039990716,-0.03983266,-0.0400907,-0.04030816,-0.04252458,-0.042656533,-0.041346077,-0.039821595,-0.039822016,-0.037999514,-0.03546123,-0.026503388,-0.017314384,-0.014596494,-0.012059823,-0.008768962,0,0,0,0,0,0,0,0,0,0,0,0,0,0,0,0,0,0,0,0,0,0,0,0,0,0,0,0,0,0,0,0,0,0,0,0,0,0,0,0,0,0,0,0,0,0,0,0,0,0,0,0,0,0,0,0,0,0,0,0,0,0,0,0,0,0,0,0,0,0,0,0,0,0,0,0,0,0,0,0,0,0,0,0,0,0,0,0,0,0,0,0,0,0,0,0,0,0,0,0,0,0,0,0,0,0,0,0,0,0,0,0,0,0,0,0,0,0,0,0,0,0,0,0,0,0,0,0,0,0,0,0,0,0,0,0,0,0,0,0,0,0,0,0,0,0,0,0,0,0
45,0.0384499,0.038467016,0.038710516,0.038791604,0.03949565,0.039457023,0.038037416,0.038280882,0.03874811,0.039538696,0.03959394,0.039492726,0.03950797,0.03954861,0.039820217,0.040389873,0.040334363,0.039901435,0.03935531,0.039733514,0.039796703,0.040226895,0.04007084,0.040045597,0.04035179,0.03994126,0.03973721,0.03952026,0.039650843,0.03994073,0.04009081,0.03978168,0.039709687,0.040089905,0.040581435,0.04105819,0.040789686,0.040711537,0.0398683,0.04085988,0.04109739,0.041177236,0.040886816,0.041213833,0.040731236,0.04087567,0.04127419,0.041278146,0.041187763,0.040355965,0.04037866,0.039271403,0.03912997,0.03962056,0.03992382,0.039933912,0.03990429,0.039735645,0.0400136,0.03989832,0.039758123,0.039620083,0.03929613,0.039152946,0.039130304,0.0401216,0.04171743,0.041879132,0.041231126,0.041160565,0.039117347,0.031333294,0.030998329,0.02945643,0.02937676,0.002414568,0.0024512412,0.005279461,0.0052379947,0.0055109896,0.006079714,0.0059608985,0.0064243386,0.0073089744,0.009893468,0.0104513,0.010915615,0.010767087,0.013548426,0.013713843,0.013868458,0.014236013,0.017561723,0.018912146,0.020157112,0.021839602,0.021531701,0.020690493,0.023794021,0.025291683,0.027344294,0.027306015,0.027478151,0.027371163,0.027095744,0.027767116,0.027810842,0.03004568,0.030560302,0.029664027,0.029937856,0.03002769,0.031989045,0.032115415,0.032028425,0.031869967,0.031699453,0.030785711,0.029458938,0.029631259,0.029371746,0.030472293,0.030733813,0.030728372,0.03143541,0.031232817,0.03139822,0.03014482,0.03253365,0.033782907,0.03297777,0.03409941,0.034328155,0.038673934,0.03956089,0.039913293,0.038029324,0.03898628,0.039102092,0.038969837,0.038809568,0.039091047,0.039076835,0.03969911,0.03476471,0.03236343,0.032411773,0.029145338,0.029403718,0.026466064,-0.01357427,-0.013511205,-0.014971594,-0.014917155,-0.0151334135,-0.01657103,-0.016751869,-0.017443253,-0.01883869,-0.019246748,-0.021113388,-0.02099496,-0.021330634,-0.021340795,-0.023615515,-0.023928946,-0.023998018,-0.024121845,-0.025169337,-0.026929772,-0.026873333,-0.028781895,-0.02924105,-0.030064426,-0.03209025,-0.0319267,-0.032024276,-0.032629877,-0.03442101,-0.034502286,-0.03414409,-0.03462337,-0.03481593,-0.035639416,-0.03598448,-0.03497593,-0.034914613,-0.035036955,-0.03507277,-0.034586143,-0.03427344,-0.033922203,-0.033753797,-0.033903703,-0.033829484,-0.032868292,-0.031633254,-0.031972103,-0.032106236,-0.032906584,-0.032772332,-0.035708267,-0.037550904,-0.037681505,-0.0376763,-0.038332686,-0.039205465,-0.03922918,-0.03991419,-0.03982156,-0.039571986,-0.039822932,-0.040639967,-0.04046035,-0.040443096,-0.04070933,-0.04049649,-0.040624812,-0.04038919,-0.0384269,-0.03532558,-0.029785132,-0.028430289,-0.028219074,-0.026708577
